ds,yhat,yhat_lower,yhat_upper
2014-01-03,1548.287992446285,-1122.2108165461382,4335.624385198078
2014-01-04,1053.0685594809406,-1825.2206414911545,3661.8070338940615
2014-01-05,1144.803640700883,-1510.5836539793072,3940.6674125840345
2014-01-06,1270.094552075634,-1625.4045219727584,3913.4464688109856
2014-01-07,612.5913818987004,-2075.232808540996,3252.1834276046893
2014-01-09,822.7233586793211,-1980.0594170044294,3681.9163257699547
2014-01-10,1043.4921932386553,-1406.0399965636273,3805.272334264692
2014-01-11,613.4539233652413,-2150.073387936273,3312.3318623991795
2014-01-13,973.1502834567391,-1674.8219682136892,3520.7035345792597
2014-01-14,390.2112116034905,-2404.9202552890206,3109.442828245484
2014-01-15,-467.72308515017767,-3183.5942007005483,2562.331989189386
2014-01-16,748.1845058915849,-1938.6804052955144,3380.7820826588622
2014-01-18,674.7120500062096,-2093.391040102501,3302.2572828351836
2014-01-19,895.9315482903337,-1740.861760007509,3657.662074949958
2014-01-20,1146.681811128238,-1377.0886222836593,3917.8642862297806
2014-01-21,607.9991882899067,-2224.8698410275197,3352.4991650453353
2014-01-23,1026.1426156491773,-1930.3578931293807,3591.761859457665
2014-01-26,1186.1578900385632,-1295.742833746261,3828.8406331803812
2014-01-27,1420.0110855248915,-1411.5580275402835,4143.209030560255
2014-01-28,854.589716516995,-1677.4128927827483,3518.2323593662836
2014-01-30,1192.9702818964204,-1709.3994212737969,3953.592119969245
2014-01-31,1447.749686878906,-1409.425977749349,3976.9040139088725
2014-02-01,1030.9870222961176,-1640.3795578799484,3738.9384001360577
2014-02-02,1185.133956953095,-1537.4939004841788,3891.1594664514837
2014-02-03,1355.9765541454615,-1591.691178371369,4080.3504348455385
2014-02-04,726.7447920923845,-1913.0203956081773,3359.1345665328176
2014-02-06,941.9402250871547,-1785.2948999435923,3538.3569734324856
2014-02-07,1140.7030807712172,-1864.5243899688844,3955.979719976423
2014-02-08,673.7605892039148,-1871.9024581280034,3595.022457103684
2014-02-11,267.5950930503782,-2331.1393700660537,3104.5205706476254
2014-02-12,-668.1759266812837,-3279.9421945052554,2367.234561729566
2014-02-14,672.9491444055565,-1870.5606195193893,3442.997658378493
2014-02-15,226.20757885268654,-2376.3251883397265,2958.810281064498
2014-02-16,369.15266537650655,-2352.653061298171,3166.8772835142477
2014-02-17,548.4296769015627,-2112.347672362586,3354.0854590151257
2014-02-18,-52.32150314253249,-2810.653315420637,2653.510476759257
2014-02-20,279.30626802937513,-2361.196614797817,3168.6045747384383
2014-02-21,564.5413675150874,-2204.2247613783106,3313.155685371427
2014-02-22,201.1884155659518,-2508.342862863571,2961.290932936365
2014-02-23,431.3420475173118,-2344.4200125865755,3181.6918670619416
2014-02-24,699.9097810917556,-2103.498985353511,3513.5978118146204
2014-02-27,693.1934835366582,-2221.071974004863,3396.6540238568746
2014-03-01,767.962050030021,-2013.1773445102097,3589.9609726866756
2014-03-02,1063.1624020155898,-1936.3403021372105,3729.0013323329267
2014-03-03,1387.3965807935401,-1333.139284647448,4031.016466421204
2014-03-04,921.4196015312691,-1837.7595192891843,3553.283553041537
2014-03-05,170.1974705743246,-2676.910899617563,2802.8112468853105
2014-03-07,1856.1606873061594,-810.3057669410101,4684.903610042593
2014-03-10,2140.220676850885,-740.5631802576788,4796.156961819642
2014-03-11,1635.9206890423857,-1043.3109709314053,4199.8234013944675
2014-03-14,2397.9031307796267,-431.0077779016998,5161.187801681941
2014-03-15,2032.0672239025807,-800.6338585664964,4862.289503022585
2014-03-16,2234.189968056843,-323.5955352140211,4867.091607686901
2014-03-17,2449.864569543781,-151.44897914595128,4972.134867707981
2014-03-18,1862.1049504562125,-931.7731376601051,4509.435688338558
2014-03-19,978.3609483814109,-1787.9418526467468,3945.714124008725
2014-03-21,2377.7655258701934,-320.03976457476415,5162.369031157344
2014-03-22,1936.1662107717407,-998.6828195929586,4748.0633795133635
2014-03-23,2067.922076380675,-761.4470329737617,4772.362611972603
2014-03-24,2219.739471885078,-405.00713548885466,4942.947611319396
2014-03-25,1575.5659636238265,-1302.4174756217815,4147.90176861185
2014-03-26,643.589077292728,-2176.2037675035454,3405.438035354281
2014-03-28,1972.9791371482247,-607.18625762994,4789.878901916317
2014-03-29,1510.01827661572,-1276.7472512717009,4203.568606555655
2014-03-30,1629.4376428590626,-1250.4244208230218,4485.7048551436965
2014-03-31,1777.6372647810765,-1304.8145049400375,4493.62209847598
2014-04-01,1138.0727764915564,-1695.3447023540234,3776.506636822979
2014-04-02,218.27264682298528,-2457.792255661187,2883.9048549052745
2014-04-03,1368.500979389994,-1221.6636984202999,3912.936595484312
2014-04-04,1591.3834528257119,-1035.4956839329493,4435.594318480044
2014-04-05,1158.0264815495566,-1495.449145434442,3978.430962486944
2014-04-06,1310.793724323333,-1379.0642501622094,3910.16537463935
2014-04-07,1494.9719804054428,-1290.5376318936758,4198.266718839282
2014-04-08,892.8997667078386,-1935.6995148771593,3696.3809765621827
2014-04-11,1457.1358379527524,-1229.0192681131568,4212.46621673243
2014-04-12,1057.0526325074518,-1545.7889131557833,3923.7007020110705
2014-04-13,1239.9087447292432,-1614.0170806106414,3758.4871657620874
2014-04-15,870.3491420029719,-1680.9016527676447,3629.526097421491
2014-04-16,5.934824474560401,-2667.7025166150647,2717.956754288112
2014-04-18,1472.8319457226933,-1240.124773600863,3933.3525258583454
2014-04-19,1076.1950352318802,-1591.7479028374503,3677.084783203921
2014-04-20,1258.201851115089,-1306.8394711105263,4110.123912801153
2014-04-21,1463.9384244457624,-1091.2224688347662,4160.641105461384
2014-04-22,875.7961946835441,-1970.2382582992614,3481.6472358617434
2014-04-23,0.5062006014823055,-2798.4063037699416,2577.9905023834976
2014-04-25,1440.0917991747122,-1557.0756274670093,4105.1702581162135
2014-04-26,1028.4812812264488,-1756.3348146936498,3659.954668014302
2014-04-28,1387.3333937480404,-1558.0662985134393,4040.9728190100004
2014-04-29,786.6710191132096,-1865.2307042942891,3351.7604538249343
2014-04-30,-99.0157524214826,-2645.591227377983,2579.9616833264845
2014-05-02,1328.1872196208803,-1562.2925227127755,3789.9277130662595
2014-05-03,915.3631525346299,-1888.6274437064128,3863.8938605533363
2014-05-04,1084.9429701077106,-1498.4024524397155,3960.069971108423
2014-05-05,1282.8330508802817,-1436.3709968576186,3995.4564471748135
2014-05-06,692.0814980094634,-2006.6191360223713,3368.135496976879
2014-05-07,-180.10484494463367,-2940.865537893336,2563.305945580194
2014-05-08,1016.2999420928957,-1614.5402851376557,3891.813143195119
2014-05-09,1283.762268329875,-1569.0606802114137,4105.647930203727
2014-05-10,893.3018324447854,-1858.0817782568338,3795.9854901897775
2014-05-11,1087.260206088602,-1655.6357652107656,3689.7243250477586
2014-05-12,1310.95753755323,-1735.7517584591255,3930.387307651115
2014-05-13,746.8109869747448,-2003.1687135013883,3393.503817993554
2014-05-14,-98.62987210911274,-2919.1777150515904,2716.7382089354323
2014-05-16,1416.5017422306469,-1169.4609425933272,4390.377653580559
2014-05-17,1049.282459471953,-1634.6211670188193,3697.7512586587904
2014-05-18,1264.101778526336,-1668.1210529474201,4052.464798059414
2014-05-19,1505.7634198977341,-1329.4077299288263,4273.74580092485
2014-05-20,956.2431299562065,-1778.4635984858685,3673.069272405372
2014-05-21,121.7351605675583,-2792.1896749164457,2835.1725880631093
2014-05-22,1351.3399199037985,-1343.841307179271,3988.126472125912
2014-05-23,1646.7098263231444,-883.4608583171042,4365.505689701599
2014-05-24,1278.1830483273536,-1395.406000514279,4223.413610070068
2014-05-25,1487.569009152486,-1221.8247046658053,4062.1046802659616
2014-05-26,1719.8176003319645,-1048.427615997768,4520.4469581862995
2014-05-27,1157.1454551488755,-1415.7442844755617,3729.543147115018
2014-05-28,306.07439382729285,-2370.246890667032,3252.974045790869
2014-05-30,1789.369586056118,-1007.3307860191703,4260.958019902191
2014-05-31,1396.7139401277072,-1450.0436086013367,4070.737763177331
2014-06-01,1580.5065995770758,-1044.2262072575695,4243.855180299886
2014-06-02,1786.273579178554,-711.680433848093,4334.057518207565
2014-06-03,1196.8130186209364,-1619.5822181294388,3897.009326764035
2014-06-04,319.2184158664704,-2218.4107756399508,3249.9125344960044
2014-06-06,1752.4125048298042,-891.580915943801,4479.236536714505
2014-06-07,1337.1482861124548,-1351.9419566709798,3920.410797498241
2014-06-08,1500.512826481394,-1270.9923416978927,4431.325117968946
2014-06-09,1688.3628086985123,-1058.5434721591594,4583.376264369261
2014-06-10,1083.7522036253392,-1612.6596315179693,3809.832969798186
2014-06-13,1611.8722879557413,-1324.4407727500632,4182.940352769262
2014-06-14,1193.4976522871593,-1677.6532197363033,3953.9333059464693
2014-06-15,1356.6173644155906,-1392.9450144107238,3961.0304578567466
2014-06-16,1546.8910563081558,-1158.5754394256185,4207.828625502288
2014-06-17,947.118917706709,-1749.208186719585,3640.1334113183993
2014-06-18,64.27068438945389,-2532.2120769052976,2652.5237111459146
2014-06-20,1501.0645348347516,-1266.310204026251,4342.152619166681
2014-06-21,1093.8728643613317,-1816.3685252270154,4052.8105617898095
2014-06-22,1268.8371518773517,-1340.3775744807128,3925.2737898148043
2014-06-23,1471.2487616931987,-1287.5501622046725,4213.5467902592845
2014-06-24,883.559176637683,-1765.1217386490364,3675.8826632938985
2014-06-25,12.418312288028119,-2792.521390945623,2944.6791652447546
2014-06-27,1470.413274020124,-1376.449461085132,4192.63729029585
2014-06-28,1072.2849429884866,-1736.8638627368912,3731.6834684788446
2014-06-29,1255.0846738908124,-1582.2816936395575,3949.0999653056992
2014-06-30,1464.017391159065,-1073.6822070868075,4050.9488701678206
2014-07-01,881.5007489878831,-1613.5712761797847,3525.350363863575
2014-07-02,14.201383048637354,-2721.7493373581115,2637.4134255324166
2014-07-04,1476.1814145979463,-1090.1381943577303,4333.300550586696
2014-07-05,1078.4433071149379,-1696.8748827485556,3696.2226231355894
2014-07-06,1260.7817005389677,-1601.943606628679,3949.8816298620604
2014-07-07,1468.59169949436,-1414.2194234288118,4299.5797049295425
2014-07-08,884.493450171113,-1930.4646369997538,3699.501183585723
2014-07-09,15.360012457781067,-2914.0404825133855,2805.2136614814985
2014-07-11,1473.7111179863641,-1357.8283540646516,3995.293844041543
2014-07-12,1074.5393978047302,-1691.7685700136594,3923.619979676898
2014-07-13,1255.9010729821148,-1480.10665578392,4136.230011465079
2014-07-14,1463.307114985918,-1294.2056095590287,4123.947596997427
2014-07-15,879.4597705849537,-1821.8745096879018,3693.90817479867
2014-07-18,1473.6361826454165,-1283.475834262185,4201.482011069384
2014-07-19,1077.4313055117782,-1698.9786984228733,3824.8377564200787
2014-07-20,1262.289694397131,-1406.7845494887965,3649.625973195142
2014-07-21,1473.6041771292973,-1187.22143147122,4391.6559829235075
2014-07-22,893.9383358020026,-2018.6661951461303,3598.7437478181105
2014-07-23,30.058574093985726,-2642.2439254927694,2757.3206341437135
2014-07-25,1500.7430521691613,-1272.8574784891339,4176.142801754657
2014-07-26,1108.25224750414,-1795.4334226319277,4001.9160607350905
2014-07-27,1296.33884155566,-1283.5411514044254,4245.335893527866
2014-07-28,1510.2818296909911,-1310.9760158696042,4172.547981406338
2014-07-30,69.88595625700782,-2416.097967640881,2977.9421735203377
2014-08-01,1540.7572441576544,-1180.9772938818444,4341.0066637075815
2014-08-02,1147.342721160943,-1653.3173331719852,3946.0140587820733
2014-08-03,1333.961911953104,-1326.579648768435,3934.6719565363182
2014-08-04,1546.04604262359,-1124.1356679755868,4205.404627730471
2014-08-05,966.2633700512848,-1866.1558129438058,3566.950002618244
2014-08-06,101.55216038566732,-2612.5808310816437,3042.8333084015308
2014-08-08,1569.4417124334016,-1281.2689402858741,4336.747998878036
2014-08-09,1175.6412455959808,-1405.3112683632762,3810.014528783988
2014-08-11,1577.223221042818,-1250.7607307613603,4010.933288973636
2014-08-12,1001.261516256091,-1648.524733308921,3770.6879031544986
2014-08-15,1628.2748955250056,-999.8244372945013,4321.215397661335
2014-08-16,1247.1141998308915,-1315.6858602832785,3992.8072143477298
2014-08-17,1449.616207126245,-1302.8827758454029,4193.487733574799
2014-08-19,1125.6615519214988,-1477.2380588529873,3958.80002261196
2014-08-20,289.14659245313806,-2439.8815747245017,3323.704190428265
2014-08-22,1826.1731462493617,-1041.9373181276771,4632.747817233829
2014-08-23,1473.0231471352329,-1275.895000518646,4306.094572886481
2014-08-24,1704.6974667666288,-866.4259075879916,4567.128409537715
2014-08-25,1966.4783807921854,-776.6216207351121,4617.233377146746
2014-08-26,1440.7587216169193,-1356.0018614354437,4247.617772933539
2014-08-27,634.0717839693698,-2124.2125827657073,3495.641440108732
2014-08-29,2227.6292680645156,-592.4187500765864,4971.576428526838
2014-08-30,1900.0307750200566,-669.5789469345593,4588.0315084847825
2014-08-31,2154.6815389148405,-468.67110352334544,4934.036755597626
2014-09-01,2436.3088027673193,-148.18790995099224,5057.980168156372
2014-09-02,1926.7799946579048,-858.6608799902098,4586.536106047569
2014-09-03,1132.1440080500465,-1545.429910754517,3888.9787841622424
2014-09-05,2735.7142963160554,-59.60890513154936,5488.49545629873
2014-09-06,2405.405202963767,-272.639070850955,5126.03196552291
2014-09-07,2651.876479120507,32.67425557929941,5447.2300649516565
2014-09-08,2919.7147395503475,145.77086615060009,5563.715180061316
2014-09-09,2390.734214477704,-415.1906190513856,5101.172360217162
2014-09-10,1571.0206024921752,-1305.9723742475378,4469.67192033667
2014-09-11,2809.61550154374,46.72371751504467,5684.765411396492
2014-09-12,3108.1586628737514,383.3964873108336,5699.934534366228
2014-09-13,2737.0179520337024,-194.98310760274987,5360.695526956269
2014-09-14,2938.0710959227335,217.7012598182597,5625.48295188252
2014-09-15,3156.3713414235617,593.321669283557,6107.939060712944
2014-09-16,2574.2705363135,-203.86151972411335,5468.323206416782
2014-09-17,1698.4548759571305,-974.9679562630042,4327.1101328533105
2014-09-19,3117.1043839906743,398.33112447188853,5922.4342872812795
2014-09-20,2685.006573087673,-123.42143335022394,5517.842485774431
2014-09-21,2824.958108571067,177.02111125352343,5695.9321646694725
2014-09-22,2982.776905337012,154.62420911460745,5837.873586667659
2014-09-23,2341.579330165712,-180.72165246058097,5022.551852283817
2014-09-24,1408.80489715964,-1242.3630713393761,4335.176473960139
2014-09-25,2534.880870539329,-249.57245698653495,5128.219588514959
2014-09-26,2722.844362701032,-35.21865057271402,5418.101753694308
2014-09-27,2244.4521555172505,-562.758536528365,5035.626966325833
2014-09-28,2342.9426433628632,-401.43996881238405,5212.202354766975
2014-09-29,2464.682324263485,-596.0651963076854,5300.0690817311215
2014-09-30,1793.2706232465403,-969.6815639012437,4281.348520650942
2014-10-01,836.5585348428501,-1821.0252981183605,3553.596918247888
2014-10-02,1945.3081958539942,-993.1808785583787,4711.988108060539
2014-10-03,2122.8109961327546,-662.4054750313501,4768.463214003796
2014-10-04,1640.9944596544333,-909.8531811457239,4209.657299868783
2014-10-05,1743.1822855813793,-957.4097592592951,4693.970653840405
2014-10-06,1875.7399560911858,-888.2851088728343,4570.2056207153755
2014-10-07,1222.1796672608634,-1439.5282063175398,3923.655598815158
2014-10-08,290.180036003185,-2537.0906950607005,2996.741574308982
2014-10-09,1430.2476566165265,-1343.6194920516966,4077.3011497371895
2014-10-10,1645.338074910888,-1044.072016720165,4308.267471882493
2014-10-11,1206.9663719299172,-1508.087596098129,3911.8097280472384
2014-10-12,1357.9717071114567,-1573.8690809687466,4255.002149883299
2014-10-13,1544.1681886415345,-1255.603502424443,4175.643296422323
2014-10-14,948.4557891958899,-1831.3128362548287,3470.8073622550946
2014-10-15,77.84672246231389,-2603.836968737897,2701.300857059556
2014-10-16,1282.1343157423892,-1307.1483070320428,3892.997404455485
2014-10-17,1563.5219066582881,-1351.4333528243494,4468.406025830872
2014-10-18,1192.7419124340622,-1305.9804351018543,4090.486133479906
2014-10-19,1411.829372793722,-1242.3336669948055,4007.5367137264325
2014-10-20,1665.7822770995867,-1119.4466072082107,4674.94299561198
2014-10-21,1136.6823334180597,-1801.1949424057336,3814.2102973368687
2014-10-22,330.73150868789185,-2409.898747253591,3223.241498997682
2014-10-24,1936.7221289283716,-570.8437342843573,4571.292872046964
2014-10-25,1620.1129760581439,-1100.3101966137506,4377.617319541601
2014-10-26,1888.465283090406,-926.2607352877919,4600.627895186488
2014-10-27,2186.1634300544556,-685.1241043876363,5066.259341147993
2014-10-28,1694.7451968052371,-1271.6777448016132,4513.161351359437
2014-10-29,919.9474068943864,-1776.4855221776193,3712.687139180252
2014-10-31,2567.2404091817266,-272.14783473372,5322.224224369449
2014-11-01,2260.314194496119,-376.0314379466739,5073.856515959519
2014-11-02,2530.899087937496,-127.65207875400623,5135.000941812134
2014-11-03,2823.4112844638967,108.20477331689322,5615.822678851904
2014-11-04,2319.5312183180586,-356.00819294501594,5053.915857098137
2014-11-05,1525.2492292936938,-1181.1519412444084,4234.456450388115
2014-11-06,2789.551300439539,246.24241168893377,5612.353897401279
2014-11-07,3114.062035420673,331.2053285758427,5691.457498210774
2014-11-08,2769.174685461695,1.892740287164041,5493.609132377118
2014-11-09,2996.8322182145916,220.3308441063216,5680.976291195787
2014-11-10,3242.191470581409,718.4080852786383,5968.158938466995
2014-11-11,2687.7438167442106,97.0109410204733,5530.392182445191
2014-11-12,1840.347525737238,-837.0630120197278,4594.978811531673
2014-11-14,3318.957881069907,696.5680200605966,5944.011080840692
2014-11-15,2918.8633425746425,137.38866152647046,5700.223101815959
2014-11-16,3092.493814242654,282.4172389128147,5666.335053024962
2014-11-17,3285.9145869049617,417.8849897087575,6074.411380862689
2014-11-18,2682.4798667966907,138.45167152273103,5389.933181807718
2014-11-19,1789.8472591283091,-942.1784597278264,4431.136488107575
2014-11-20,2958.631587234346,62.997731291160335,5509.377248362962
2014-11-21,3192.0158510768388,473.93352391914874,5929.3934882363765
2014-11-22,2761.849804822443,87.10681750616146,5589.589277299471
2014-11-23,2911.4008357318307,8.484122848961015,5781.929894927214
2014-11-24,3086.9898803747255,440.4717356650015,5688.098182780467
2014-11-25,2472.0864908648855,-477.1762384519997,5310.49268394968
2014-11-26,1574.318876927015,-1350.434662185695,4415.927712869119
2014-11-27,2744.1263746971117,-13.500131728501453,5390.413811685098
2014-11-28,2984.372280198,180.42113925656548,5857.638107288224
2014-11-29,2566.447589550906,-220.06891557747457,5414.077925855335
2014-11-30,2733.0303138644967,15.465216078347822,5516.974674234374
2014-12-01,2929.7330114427396,357.2115709690209,5581.029981922817
2014-12-02,2339.2124806353618,-274.01216197414726,5272.041369221947
2014-12-03,1468.1971661169036,-1390.3487788119191,4426.855771529629
2014-12-04,2666.159443740129,-70.57480862296525,5415.163238444102
2014-12-05,2934.9502828291393,232.1772806246745,5448.424311185702
2014-12-06,2544.9263892299314,-260.12429762745853,5139.502339144085
2014-12-07,2737.7339803903733,127.69870463502369,5390.905271557925
2014-12-08,2957.981280870889,-63.77873672507073,5786.284531731187
2014-12-09,2387.373094039136,-550.2263896087561,5130.356051075309
2014-12-10,1531.7624247885674,-1166.8641610543095,4406.359373296283
2014-12-12,3012.818381876771,150.95425916477285,5728.14855991741
2014-12-13,2620.520981320782,-186.51588829093674,5345.023708650636
2014-12-14,2804.238314621707,-48.188334721965525,5683.07541413398
2014-12-15,3008.3844397312923,317.8752666716299,5733.753799033878
2014-12-16,2414.645766223839,-194.39405132405906,5243.4006833780295
2014-12-17,1529.0371758261997,-1224.4836509921713,4203.198982949736
2014-12-19,2931.0408509555,293.4338835875227,5636.418986587832
2014-12-20,2490.894396765496,-254.59467561296546,5404.022980348102
2014-12-21,2622.284562788508,-380.917888829358,5384.505987039601
2014-12-22,2770.6052839120543,-73.98356158239979,5355.29947634133
2014-12-23,2118.6405424545155,-736.8813500438384,4888.981749569839
2014-12-24,1173.5966453773167,-1515.0459100893268,3792.0413744001007
2014-12-26,2458.174992797819,-253.23316490997422,5019.798285756464
2014-12-27,1962.640681168923,-832.9845240808439,4885.4663918013675
2014-12-28,2042.5765633889205,-778.9881610319371,4801.070457750005
2014-12-29,2144.604229188025,-622.5181315841708,4757.657443463664
2014-12-30,1452.6504323318254,-1276.774391914661,4189.020707843418
2014-12-31,474.9502872464386,-2222.5778564222474,3167.6202573944256
2015-01-02,1719.6015797852501,-850.1720626750059,4456.23930105379
2015-01-03,1218.0574576898075,-1560.5914943221646,4060.9708191913733
2015-01-04,1301.8015495781754,-1476.5925606098233,3920.1008922881106
2015-01-05,1417.5783313886109,-1356.743228264476,4192.00012637294
2015-01-06,749.2172596889453,-2096.8445224479146,3637.27105739956
2015-01-09,1141.7357505420127,-1584.126117605419,3971.164766672645
2015-01-10,697.8370565299468,-2106.5218563654184,3441.966224807833
2015-01-12,1029.9285141079713,-1591.402829122655,3831.6974513609825
2015-01-13,433.82998995562,-2152.2243869034387,3358.411131182065
2015-01-17,676.2823053368031,-2003.5798266901343,3268.2790399824967
2015-01-19,1136.6082880202691,-1391.2025151714386,3922.5318629939457
2015-01-23,1321.7625734623937,-1189.0996445176713,4072.9303705862603
2015-01-24,966.2751440865374,-1694.13704887479,3669.0519604115857
2015-01-26,1429.4552968384135,-1204.5508340349659,4130.140367780132
2015-01-27,873.462382222939,-1979.058451597054,3633.131754975159
2015-01-28,25.258388553445684,-2786.762679152901,2812.296106827803
2015-01-30,1500.2735830397176,-1235.2269483003533,4033.796732494346
2015-01-31,1095.5294899772884,-1608.370586117766,3725.900721681849
2015-02-03,825.3219041643463,-1967.5418836193503,3379.0143269096625
2015-02-06,1263.978172281156,-1632.5970908079244,4102.945957187493
2015-02-07,801.9992224197135,-1979.5581384861537,3468.154469013215
2015-02-08,916.2597926098935,-1951.3012125893615,3643.714154833777
2015-02-09,1053.7037366290647,-1677.4919602362975,3940.0860343171234
2015-02-10,398.5753200325355,-2412.4771276247147,2963.282244958291
2015-02-14,331.0158518679291,-2553.676674582926,3149.6376071428626
2015-02-15,462.5679355564423,-2213.923419313374,3151.018906306127
2015-02-16,628.8654581195165,-2063.6993196621033,3550.087590507557
2015-02-18,-874.723182202388,-3559.261244862513,1894.7948427720123
2015-02-20,582.5738967210798,-1984.1923371007415,3499.5268830691607
2015-02-21,202.5529824240714,-2572.4866820481684,2895.410650115255
2015-02-22,416.27741329967694,-2456.822465912201,3032.6596975796056
2015-02-23,668.9883813521402,-2019.4595672565847,3328.2202437941755
2015-02-25,-655.9861373760484,-3485.6720046940436,2281.64556062712
2015-02-27,975.6744084524465,-1558.6894168124022,3568.9208020441706
2015-02-28,676.8149042574225,-2105.1420644417403,3331.2901511321434
2015-03-01,965.471266747735,-1787.2945934688642,3653.790332525162
2015-03-02,1285.379189045689,-1367.2519991897736,3961.24156953752
2015-03-05,1380.428518039024,-1474.1676371882645,3991.2315113459053
2015-03-06,1759.7731619077467,-1037.8452472024737,4533.507058448232
2015-03-07,1473.5723408434437,-1276.8801693531445,4439.391133745119
2015-03-08,1762.4450457566859,-1036.5766646280133,4604.828940129273
2015-03-09,2070.212338682896,-527.9501476112,4627.656296194656
2015-03-10,1578.0450264209073,-1115.609779891201,4280.999594522986
2015-03-12,2059.3232063045702,-509.8746885708536,4748.243013847464
2015-03-13,2382.881481416577,-156.87436213354917,5119.716994941878
2015-03-14,2032.5109375499674,-930.8529714998632,4743.074576335733
2015-03-15,2250.188008807884,-441.5788561556729,4858.493669960779
2015-03-16,2481.2101274883466,-222.5954812809467,5326.474143813736
2015-03-17,1908.308142127692,-577.0909501143005,4433.410087344715
2015-03-19,2222.5866629919265,-535.8960834269968,4806.85135868373
2015-03-20,2463.0871223714767,-506.09690375892313,5252.216638577706
2015-03-21,2032.011551393332,-637.4213275541065,4849.7875637433945
2015-03-22,2172.7789623530466,-698.8323994227395,4893.914229991121
2015-03-23,2331.984009656112,-454.12437929735404,5179.698989544681
2015-03-24,1693.512416401818,-1148.3052414547867,4525.245119983734
2015-03-26,1899.122823569178,-715.1150491291198,4766.171534911039
2015-03-27,2097.8957129754635,-692.5804964617961,4950.797816843802
2015-03-28,1634.0618922476922,-1109.7754625354269,4426.087167365232
2015-03-29,1751.1868089209045,-938.8966638063296,4317.61673554388
2015-03-30,1895.820214333615,-929.8546364728766,4658.722370897345
2015-03-31,1251.590319562135,-1432.7928752192483,4041.787436331709
2015-04-02,1470.1636059141617,-1151.2561188937248,4317.089917320762
2015-04-04,1245.8470731994144,-1409.0616488544777,4057.675257716358
2015-04-05,1391.4692229046827,-1466.8640745003895,3915.2995504571372
2015-04-06,1568.6180711491022,-1204.0578004458512,4084.88644716897
2015-04-07,959.8142022734431,-1829.4389220136181,3718.9142025153365
2015-04-09,1253.513610541629,-1493.6311200167092,4169.617411040113
2015-04-10,1507.1623457180983,-1379.0872434350729,4120.063365413073
2015-04-11,1102.9368429813587,-1724.911596441122,3708.8088598469035
2015-04-12,1282.5178461064284,-1499.3821984295091,3895.175598716435
2015-04-13,1490.6143120904585,-1195.379490902258,4366.268819703372
2015-04-14,909.1034635130895,-1763.8667195593055,3653.3241010476286
2015-04-16,1244.5754214596018,-1560.6979064876734,3967.6139076236523
2015-04-17,1512.1604479516163,-1131.7722359920574,4133.799397455213
2015-04-18,1117.1332100221396,-1679.7055621050176,3881.803212873523
2015-04-19,1301.2838513517274,-1326.820444160977,4087.613043781444
2015-04-20,1509.5712934971589,-1111.758571340563,4387.116023180894
2015-04-21,924.2508503096468,-1836.9623423553853,3737.8557745757184
2015-04-22,51.912748025992414,-2642.511078612445,2831.165748134016
2015-04-24,1497.2317551663382,-1223.9132463157105,4194.502112339232
2015-04-25,1088.1362158878983,-1507.3257192628596,3936.958261798399
2015-04-26,1257.4009771060475,-1455.2993021737486,4080.362355901101
2015-04-27,1450.7298736342589,-1298.3120899919193,4122.314125326097
2015-04-28,851.1063562701319,-1853.4476231663537,3804.0522352983953
2015-04-29,-34.189562249404844,-2871.236223795475,2553.150876685625
2015-04-30,1145.0750025417208,-1630.17954193466,3943.644607829699
2015-05-01,1391.6994321451928,-1369.2983395670653,4263.867839726734
2015-05-02,977.1511538697107,-1746.6719486591232,3791.148887932175
2015-05-03,1144.319896102871,-1589.8347181134768,3883.126422992476
2015-05-04,1339.1574529750114,-1597.7426526919198,4152.814272439191
2015-05-07,1060.3552850139833,-1640.2468329401665,3812.4209948718817
2015-05-08,1323.014781242173,-1422.1258429919742,3903.0667020885858
2015-05-09,927.5842692768372,-1832.106440790128,3779.8596964040557
2015-05-10,1116.529214661067,-1624.2878019432765,4046.2297723440656
2015-05-11,1335.2954008909492,-1460.900470803369,4231.894004608667
2015-05-12,766.423821602578,-2058.5477837325534,3681.4407254224175
2015-05-13,-83.41734990675809,-2971.061371763863,2452.251119921113
2015-05-14,1135.2431669089767,-1492.047212872782,3912.473500838964
2015-05-15,1424.316950098309,-1029.680247430007,4298.282065713672
2015-05-16,1054.2841917961894,-1662.085021009892,3914.0899097112438
2015-05-17,1266.9771052582764,-1417.9661521495007,3981.083249758794
2015-05-18,1507.2503563685655,-1196.0954635359278,4341.812834785567
2015-05-20,122.76820850775357,-2564.631012266004,2911.149795898223
2015-05-21,1353.313216039189,-1224.3520493931444,4233.410104294263
2015-05-22,1650.3733396149923,-1220.5779118983062,4225.357024744943
2015-05-23,1284.242895241293,-1349.1488335683719,3968.4433054744522
2015-05-24,1496.6709520786146,-1128.0662758596018,4230.315564906849
2015-05-25,1732.532449175524,-886.1229697031996,4409.730543813767
2015-05-26,1173.9567299939465,-1526.4790554881824,3985.7460335638266
2015-05-28,1542.1681758686284,-1295.621484039423,4220.148305494373
2015-05-29,1820.368174756079,-904.8627586446635,4671.833585215634
2015-05-30,1432.716351104702,-1345.309995490521,3943.979850790828
2015-05-31,1621.469563198608,-1223.965287323675,4398.565340193127
2015-06-01,1832.0504057669232,-871.0969022500217,4709.059865736641
2015-06-04,1561.9638213265914,-1056.6098592446137,4330.601076121589
2015-06-05,1814.1999545441324,-930.8938935453411,4594.993148630578
2015-06-07,1567.4421683138135,-1112.1527402597944,4502.71238470132
2015-06-08,1757.0159756569706,-830.190123438114,4370.161306063328
2015-06-09,1153.5543837375376,-1681.601274398232,3954.9194700250628
2015-06-11,1439.5418642588925,-1285.0715082344448,4091.035659265614
2015-06-12,1681.8477502421356,-1030.036630390027,4565.853693293582
2015-06-13,1262.5609501295694,-1514.5146778640656,4106.2991413728505
2015-06-14,1424.3702198960546,-1479.378696273561,3958.8057320187513
2015-06-15,1612.9988633936757,-1189.1286083624786,4237.041891658582
2015-06-16,1011.315579565596,-1955.8975019386066,3761.1979248380057
2015-06-18,1308.018685253289,-1472.7600162610138,3969.0187384037476
2015-06-19,1558.6427705694996,-1210.996585312935,4306.3363532679
2015-06-20,1149.1810758491533,-1490.6716049925014,3907.3910646348522
2015-06-21,1321.9490484908692,-1534.9267774010166,4040.4249112190723
2015-06-22,1522.2919332095576,-1143.9830205028663,4181.201771445831
2015-06-23,932.7068553067421,-1535.247203258027,3626.412714830992
2015-06-25,1253.441732789409,-1597.2374176816436,4066.2139859896233
2015-06-26,1515.3413033731347,-1132.9005907112262,4328.690409512594
2015-06-28,1298.4690789875715,-1530.2177822266053,3841.0454179616077
2015-06-29,1507.0019938391333,-1271.3506100934242,4261.614000340046
2015-07-02,1254.724612201073,-1647.8749549784764,3896.1448196947954
2015-07-03,1519.5064690518266,-1117.6430242956924,4370.333862371289
2015-07-04,1122.1682599660928,-1619.229372638144,3973.5282826305065
2015-07-05,1304.954841480485,-1539.2113323885876,4023.4143642400513
2015-07-06,1513.2221444219315,-1370.9594405191676,4255.1355805544235
2015-07-08,60.78824748609486,-2605.2587149449164,2851.4479359643005
2015-07-09,1256.692306182827,-1425.8009641370427,3935.644488255694
2015-07-10,1519.5839381243322,-1216.858057158424,4310.6170160600495
2015-07-11,1120.4493282134226,-1518.5945464404297,3673.7875170005022
2015-07-12,1301.7098039363202,-1557.566969692472,4224.838140519576
2015-07-13,1508.874053836258,-1291.7946715410094,4180.646173857186
2015-07-14,924.6490714176894,-2154.9777116280025,3460.5513502694216
2015-07-16,1252.643732626498,-1661.3139752060847,3776.070350191612
2015-07-17,1517.0209117762906,-1188.2154246887126,4362.046848650459
2015-07-18,1120.0649801270129,-1637.2865422988893,3825.1719835085246
2015-07-19,1304.1443273415302,-1430.652983770446,3971.0434982770084
2015-07-20,1514.6829663714257,-1293.2028942329887,4115.438951875937
2015-07-23,1270.6841689099153,-1446.2667821952423,3985.65718842833
2015-07-24,1539.3487723747942,-1226.9721455938409,4216.025075435736
2015-07-25,1146.5210433342743,-1571.7410619306145,3867.5293702048402
2015-07-26,1334.4153984070422,-1247.5455355464806,4136.8265610767185
2015-07-27,1548.315359442757,-1421.5299624629881,4297.075441769421
2015-07-30,1310.6185689217814,-1422.0936111895364,4144.485682549361
2015-07-31,1579.9254856398475,-1082.3951171947162,4269.166291435951
2015-08-01,1187.0053193159101,-1349.2848417872142,3910.200339642292
2015-08-02,1374.130919381203,-1314.9698845216524,4149.059580040193
2015-08-05,142.8244867708263,-2591.6636258590484,3062.6115299436156
2015-08-06,1343.1168799367063,-1348.7008831626454,4071.0067247325637
2015-08-07,1610.5664869131745,-1115.2860933861498,4334.805386407898
2015-08-08,1216.2656205970097,-1352.7462886737374,3822.1492696395203
2015-08-09,1402.770164825387,-1235.1305890211997,4202.320948827328
2015-08-10,1615.7542192661017,-1064.6365704005484,4175.267230844169
2015-08-11,1038.1222454587646,-1825.103414244949,3759.920813166832
2015-08-13,1382.5701688277004,-1310.4032551944238,4380.028955796632
2015-08-15,1272.6619217351013,-1459.810928988687,4272.516971216312
2015-08-16,1471.306060717773,-1207.5502874079523,4092.083192328284
2015-08-17,1698.9253194636833,-975.1076862029773,4495.532288428061
2015-08-21,1823.5034103127214,-825.534656785771,4527.923135465622
2015-08-22,1464.9510103614157,-1361.3407773729632,4210.624503127131
2015-08-23,1691.2526824333004,-893.3660012807724,4477.941169814401
2015-08-24,1947.7932397161137,-827.3552908928476,4606.911428372579
2015-08-25,1417.0716722992504,-1339.1523819068282,4158.52850699228
2015-08-27,1863.2185313200778,-1003.9328354675968,4556.1207897733375
2015-08-28,2191.4377587032836,-416.21127744900105,5127.025834047981
2015-08-29,1860.8491678421574,-730.9267062818709,4739.933286101324
2015-08-31,2393.470737688378,-619.1357071896349,5273.102473825475
2015-09-01,1883.4286563678543,-894.6896296004268,4613.508578431276
2015-09-03,2359.8561308601957,-310.09343131253365,5097.734266308245
2015-09-04,2696.7342133515085,-73.7926337531074,5457.057694597908
2015-09-05,2369.9471653683486,-473.63611536909036,5124.0408557769915
2015-09-06,2620.9798166876885,-72.23189312570791,5253.024383372998
2015-09-07,2894.397770864546,125.01745353618503,5532.484828020063
2015-09-08,2371.97752454325,-280.66434896492933,5095.295680569699
2015-09-10,2806.689483878913,132.91155293826964,5569.998637721504
2015-09-11,3114.349342651184,335.8053590333185,5548.638936921765
2015-09-12,2753.0007950936633,206.16770471729882,5554.635621442535
2015-09-13,2964.4123727158476,334.05088424994443,5598.933495608744
2015-09-14,3193.5180106817925,514.7750407142362,5902.440070522268
2015-09-15,2622.541960826293,-142.70689716725516,5336.140830316148
2015-09-16,1758.0364876435535,-954.5414142348604,4555.910470283116
2015-09-17,2949.559209450267,297.27276889446995,5576.471152849496
2015-09-18,3199.307477690918,293.66268075352957,5857.643202328148
2015-09-19,2778.239846920197,1.4396744820164415,5608.422649305566
2015-09-20,2928.848880724825,119.44744857659549,5548.638754280573
2015-09-21,3096.8175899055987,222.67211861314118,5837.066542878884
2015-09-22,2465.1331811307546,-291.9384149325191,5336.70850971955
2015-09-24,2675.073366363801,-133.9437277396254,5369.83017424462
2015-09-25,2869.9479343997737,18.30466164746397,5576.500229947008
2015-09-26,2397.4040206370205,-200.99108730524392,5079.223929688012
2015-09-27,2500.6030591875865,-146.90714871053788,5353.350836542319
2015-09-28,2625.8485416157077,-158.23486521188252,5273.758678746391
2015-10-01,2109.3686862205777,-613.9357373809288,4839.3432049721705
2015-10-02,2285.237061083063,-510.3305612487731,5041.65304927224
2015-10-03,1800.4967397067971,-989.8420897762937,4507.800487870297
2015-10-04,1898.501000755553,-798.5849034816763,4694.294974867964
2015-10-05,2025.840637463209,-977.0601473267125,4823.779970410045
2015-10-08,1558.0688404044108,-1381.8253042617432,4346.390034325864
2015-10-09,1763.8127202013504,-827.8321723999928,4495.559247710588
2015-10-10,1315.3088629286149,-1515.6070712184433,3975.5675165469643
2015-10-11,1455.5168625234542,-1233.8427863454035,4090.31363533391
2015-10-12,1630.380017003763,-1186.2702578028805,4510.988488883479
2015-10-13,1022.9348284829667,-1899.0570291614022,3868.27368620332
2015-10-15,1332.5229970572882,-1526.8195338946584,4165.370428683349
2015-10-16,1601.8486367124128,-1087.4092374664767,4324.352562142461
2015-10-17,1219.1949871661793,-1431.6673510050296,3958.5021390868656
2015-10-18,1426.7457679094553,-1263.656403513051,3974.884530954748
2015-10-19,1669.6446514078077,-896.1002530664242,4450.505228172591
2015-10-20,1130.1141121053215,-1634.7555067877026,3783.067310948833
2015-10-22,1571.8991085606713,-1153.1029749550707,4336.596337123249
2015-10-23,1903.896287764865,-954.5857650055974,4851.959294638068
2015-10-24,1580.5926629591959,-1277.9422163044467,4144.775328632849
2015-10-25,1843.4376588205434,-834.8352810892062,4728.098289642716
2015-10-26,2136.8879273585267,-528.7425978216065,4834.644097929598
2015-10-28,866.1567657062961,-1677.708882089268,3728.1901952218004
2015-10-29,2156.390012455696,-254.32142307007524,4874.6775979916665
2015-10-30,2514.390583827175,-266.29249063433065,5415.120620082267
2015-10-31,2209.9617540123854,-699.1623975619615,5165.794642637644
2015-11-01,2484.3444047042935,-352.71773221486615,5425.45845497203
2015-11-02,2781.8911683364195,52.650621826906175,5605.693994079156
2015-11-03,2284.199302863959,-325.52207163526595,5071.116667969195
2015-11-05,2769.632205704915,112.5808342474405,5517.57207510207
2015-11-06,3103.113872985934,221.09321985448517,5817.052762812193
2015-11-07,2767.8475128954515,52.32436328626902,5453.46854295475
2015-11-08,3005.6169423883975,324.0964333100571,5715.73260322426
2015-11-09,3261.4114810359642,350.0905007404964,5952.784612950848
2015-11-10,2717.5495728757105,-11.894080705211696,5559.849907375726
2015-11-11,1880.7143032409529,-817.6692815221609,4612.486876384239
2015-11-12,3100.6276006286516,559.5800262962825,6033.239814142374
2015-11-13,3379.680458360542,578.1375844896731,6161.861189166713
2015-11-14,2989.0491904958626,297.2376430741122,5766.660461887164
2015-11-15,3171.461953959775,366.85135388738513,5900.505289026457
2015-11-16,3372.847850047037,660.560085710697,6032.856027044208
2015-11-17,2776.442334310063,-81.85483086357225,5496.4318067413515
2015-11-19,3063.4729074503553,306.6762608459976,5809.927746394541
2015-11-20,3300.755641891807,745.1565728889128,6235.2910326312385
2015-11-21,2873.3003619796673,160.216881145809,5614.369219452787
2015-11-22,3024.375752333299,348.3251127898633,5738.806015643926
2015-11-23,3200.3313082623013,545.9958554334896,5895.195293912502
2015-11-24,2584.6921679639977,-219.67917060494344,5355.586270082401
2015-11-25,1685.1683063467772,-915.384558733709,4426.942173868639
2015-11-26,2852.3055409987646,395.35723275359277,5690.943280184287
2015-11-27,3089.096302769061,446.9570529292141,6008.362567638348
2015-11-28,2667.080742477174,43.90304711559971,5216.289701442507
2015-11-29,2829.102886236983,24.72847187193862,5502.443365795945
2015-11-30,3020.954540597517,88.66392958733135,5736.359613457031
2015-12-01,2425.4809588979406,-331.89429785313314,5072.396912229962
2015-12-03,2742.9894828107563,69.96301161624004,5467.271719904351
2015-12-04,3007.6779232537433,278.87755663932086,5779.857171284491
2015-12-05,2614.2062724855286,-148.19533781152896,5261.050055792323
2015-12-06,2804.387496200411,282.99219283038326,5368.086197463281
2015-12-07,3022.9786526830803,214.36135255292703,5772.033973984953
2015-12-08,2451.8114504660716,-284.78649615988866,5203.536128108534
2015-12-09,1596.8402924378174,-1283.4286514797434,4222.401852921831
2015-12-10,2806.834427965953,-15.857122746903439,5416.149601335634
2015-12-11,3083.0312555283,326.60076199979346,5770.148712726941
2015-12-12,2695.2803766476727,69.59864459594482,5456.471823218212
2015-12-13,2884.8421041322845,71.68743110800861,5684.028760116232
2015-12-14,3096.072101766843,578.6120463198046,5783.510474983716
2015-12-15,2510.565153096911,-170.90451206225094,5321.992169116244
2015-12-16,1634.2127393723779,-931.0272904460851,4322.425866662093
2015-12-17,2815.900728312828,25.74537060625564,5579.314787359643
2015-12-18,3057.1639870787094,261.773965579369,5829.589762771083
2015-12-19,2628.3273898980697,-169.66225746861375,5272.275026456769
2015-12-20,2771.296897690347,144.28286206934345,5366.579650730897
2015-12-21,2931.2324691907047,221.49496294625735,5702.7272929523515
2015-12-22,2290.6759919814785,-363.2428386802143,5087.671682647668
2015-12-23,1356.5892106647505,-1566.5258475691555,4030.980635434116
2015-12-24,2479.0283522749573,-365.39622010553063,5246.5223507909795
2015-12-25,2660.7727543151523,-39.990099755125115,5352.064519569474
2015-12-26,2173.4375411326087,-680.390992499192,4709.116016668838
2015-12-27,2260.2346718091458,-288.23835909724676,4915.9800058437995
2015-12-28,2367.6148206595353,-378.51916114243807,4980.1057356237325
2015-12-29,1679.364019569545,-1151.5255758148164,4249.090514461859
2015-12-30,703.6108015923337,-2271.2524916344883,3439.460417196733
2015-12-31,1791.6271251173875,-905.4782572043647,4485.5075906855855
2016-01-02,1441.9971346306165,-1341.9023040942125,4342.258252989463
2016-01-03,1520.5301910981952,-934.1307800012146,4134.421656116452
2016-01-04,1629.3998482178915,-900.0546464872076,4506.375000795706
2016-01-05,952.5692034610197,-1681.4852561915752,3447.031426722981
2016-01-07,1116.9192834325224,-1708.2421843202922,3700.736320197518
2016-01-08,1312.1739331859155,-1251.6670072422874,3979.3564432481508
2016-01-09,855.5752309019194,-1761.698192089074,3465.493684088936
2016-01-10,990.0269673914743,-1752.7420271427986,3862.7276593791426
2016-01-11,1161.2927255950763,-1583.3562237563715,3942.8373630163255
2016-01-14,861.9018034940248,-1781.4690370017768,3531.175333158233
2016-01-15,1131.9642387177082,-1474.9516530266485,3578.7351409268376
2016-01-16,749.4820908977299,-2066.9286690765607,3322.095132726814
2016-01-17,955.7942974003838,-1586.8191318172926,3603.786405353511
2016-01-21,1063.4146523657414,-1739.4692152256698,3849.060622310977
2016-01-22,1373.2305625269112,-1474.5453412763293,4186.8984070003135
2016-01-23,1020.9082693852274,-1657.0342731976464,3687.8141480731488
2016-01-24,1247.1894213840462,-1308.1789920108617,4158.6278308656265
2016-01-25,1495.9529423936,-1238.398744206359,4259.0945977618485
2016-01-28,1329.3176735451489,-1551.220608093183,4185.475289646181
2016-01-30,1215.4035400849107,-1416.2511882003487,3867.188534045331
2016-01-31,1394.1228309377152,-1250.532486614101,3994.389829879981
2016-02-01,1589.0481670819454,-974.5594386054084,4357.494075212109
2016-02-02,982.7776963272673,-1496.5299181081023,3605.5476372834355
2016-02-03,82.39277138857642,-2434.6334407581908,2948.0561083822718
2016-02-04,1238.125922965503,-1543.0194345443836,3887.2198219995116
2016-02-05,1452.9814783559393,-1379.2502202778558,4300.220638380458
2016-02-06,998.8391232566931,-1816.8735117128185,3718.7405555254036
2016-02-07,1119.2050084574375,-1506.4980827627396,4124.094367584265
2016-02-08,1260.843159359818,-1502.0105062415844,3957.3366874607395
2016-02-09,607.8614237102867,-2432.3460453372845,3475.7721612753276
2016-02-11,794.8063304681124,-1836.842069944133,3622.0041948917783
2016-02-12,990.1466261608894,-1534.7884566518155,3694.885444517737
2016-02-13,527.3651448561336,-2270.4730154966187,3197.672782946428
2016-02-14,650.4763142801859,-1974.3209083411798,3410.0947980950846
2016-02-15,806.4909942701104,-1952.6252688368686,3527.352946734456
2016-02-16,179.49542022655078,-2659.7954253433836,2715.64466159286
2016-02-19,705.1841254958427,-1846.2255430176015,3534.7304211034025
2016-02-20,309.3507640984926,-2461.09642296098,2892.6907777712336
2016-02-21,507.1767760368564,-2307.247138204461,3350.850344756409
2016-02-22,744.1437285143462,-1915.1267460367906,3429.231748258555
2016-02-23,202.756169535671,-2459.203714251396,3045.648412752974
2016-02-25,653.4029407795781,-2328.5894515570076,3394.6463018364866
2016-02-27,686.8122687277457,-1839.521807275983,3357.7119234865954
2016-02-28,967.1055213712251,-1929.5325103135767,3789.81668216083
2016-02-29,1280.7086867180972,-1515.950455537881,4069.0534196975213
2016-03-01,808.5844363525522,-1960.4000516286358,3399.703941935747
2016-03-03,1370.290713205739,-1560.2396087742598,4303.477408883648
2016-03-04,1752.4212058297462,-898.6197039877716,4529.975337342897
2016-03-05,1471.2522113484654,-1410.501662185681,4361.391370822797
2016-03-06,1767.2975242102575,-1056.8883071533444,4610.3874664105215
2016-03-07,2084.229767432019,-290.9588865279517,4908.830380951029
2016-03-08,1603.031985639633,-1234.6836192002404,4242.517373823607
2016-03-09,829.060429483957,-1885.2196916303649,3517.5301875081036
2016-03-10,2110.744783247201,-780.360857807489,4826.9987908926505
2016-03-11,2449.242686622803,-156.35255790534228,5232.469367576973
2016-03-12,2114.578144250214,-608.5426788334329,4863.1673927606325
2016-03-13,2348.427703872616,-275.5026315352277,5147.661392467454
2016-03-14,2595.7864389471206,-163.84578929689076,5310.649904143181
2016-03-15,2039.0872638080816,-496.71802468396606,4545.086876181777
2016-03-17,2384.2399701003624,-499.8856497070593,4966.313490840908
2016-03-18,2638.8959360201434,-28.369280297574853,5408.159489082673
2016-03-19,2220.8211237574933,-536.1278472612875,5014.938382977509
2016-03-20,2373.238876559045,-381.9367449835991,5005.819176496222
2016-03-21,2542.6037701772543,45.67247017051142,5410.609622905083
2016-03-22,1912.6898670315882,-681.9877975905944,4658.668510458914
2016-03-24,2130.36183018963,-606.9072172910278,4890.5722496854
2016-03-25,2332.6149501408845,-612.6136013523665,4991.646218558251
2016-03-26,1870.6099079428216,-1133.3658570504085,4545.316508864838
2016-03-27,1987.9941925056196,-803.7611428605712,4522.234859135418
2016-03-28,2131.4321782422694,-642.0434255769947,4889.1940807857845
2016-03-29,1484.6953317474984,-1371.3455491247014,4122.784172302863
2016-03-30,555.6697478846229,-2333.1325491246635,3422.9338950326896
2016-03-31,1695.0084747169544,-907.6034698943133,4628.821307637466
2016-04-01,1905.7464840076839,-816.5296389847405,4566.826654391267
2016-04-02,1459.4086619284271,-1341.3263161725104,4190.260508815464
2016-04-03,1598.7752411481622,-1125.8085258185672,4327.200389905786
2016-04-04,1769.5369996270965,-1050.0022149931956,4272.308731847288
2016-04-05,1154.4137895391568,-1500.5125692962263,3795.2883732970913
2016-04-06,260.2387768132139,-2514.951969581917,2934.1680707459013
2016-04-07,1436.4989238978176,-1424.6855033139982,4244.3911823048265
2016-04-08,1685.121070768597,-1026.8361583781207,4418.537527912057
2016-04-09,1276.5609547601061,-1395.6612899512554,3936.078057682528
2016-04-10,1452.5950213330937,-1296.2785414882164,4272.998147490559
2016-04-12,1074.6895921601777,-1671.9035295611939,3770.141037702901
2016-04-13,208.77390626970987,-2417.781884888661,2915.93331470768
2016-04-14,1409.249687596521,-1449.4873807667411,3968.371222499243
2016-04-15,1677.6564203588764,-858.2033353651937,4480.972540910312
2016-04-16,1284.2168293468437,-1558.5182881946864,4141.368031736995
2016-04-17,1470.6291249554083,-1368.0741600461183,4134.495193432003
2016-04-18,1681.742247435518,-965.5518801133722,4347.149162809849
2016-04-19,1099.68731749367,-1586.436377819297,3766.951850769318
2016-04-21,1424.9025046256336,-1495.4975082229466,4038.174071307469
2016-04-22,1683.736496193271,-1107.0469586944048,4524.019060531837
2016-04-23,1278.2870104735644,-1638.9572199949644,4005.8757911794555
2016-04-24,1450.9516129066574,-1517.1181969144116,4109.357310163786
2016-04-25,1647.3132505550607,-1102.6973673008215,4190.979961746952
2016-04-26,1050.2486443391347,-1572.5879553806242,3903.4668013458627
2016-04-28,1347.5744360960227,-1390.3542393028026,4130.3965900537305
2016-04-30,1180.29908230507,-1682.1809266137795,3926.732019399826
2016-05-01,1346.7238718407348,-1314.50077357712,3997.656302229544
2016-05-02,1540.1225454062537,-1330.1146695326113,4189.883028198574
2016-05-03,943.6485815998743,-2168.496939009492,3545.374776903862
2016-05-05,1253.335218619038,-1525.7757290265363,4079.6452701445583
2016-05-06,1512.3687218051534,-1249.9315587128217,4211.922409197264
2016-05-07,1112.9979600474853,-1622.6322185004265,3643.4777906847976
2016-05-08,1297.8051259177191,-1438.7413540590426,4054.483135772872
2016-05-09,1512.3589043050124,-1251.1356433049214,4118.123910802602
2016-05-10,939.325823053354,-1637.8382476243653,3777.914761263879
2016-05-11,85.49866713767938,-2885.5415242843383,2763.228912655444
2016-05-12,1300.4689373694823,-1459.969575726966,3939.2524000159647
2016-05-14,1213.4561584424498,-1504.75593716818,3897.957057588614
2016-05-15,1423.9758542945938,-1469.624781604134,4137.365580144512
2016-05-16,1662.7473933972697,-839.163524178231,4490.85984219187
2016-05-17,1111.834105031061,-1523.339611067749,3964.3793433049045
2016-05-18,277.479730141207,-2427.947388598414,2982.2239956437593
2016-05-19,1508.7953121056657,-1191.818518567545,4053.976950231936
2016-05-20,1807.4053748515128,-900.9010922015468,4340.266225789133
2016-05-21,1443.583057450423,-1257.7369155959088,4187.448510851036
2016-05-22,1659.0379334201812,-990.7554184122902,4500.077866272604
2016-05-23,1898.588550133508,-899.3913701353719,4468.213839419226
2016-05-24,1344.2927490186191,-1336.5817021373855,4080.1597677899495
2016-05-25,502.4908361952341,-2396.731443885337,3389.808102792172
2016-05-26,1722.4882392914897,-948.6612792068704,4449.118368982171
2016-05-27,2006.194858824725,-838.7267655881669,4713.656050861278
2016-05-28,1624.2510126316024,-1060.4441323563515,4520.698045822704
2016-05-29,1818.8040993947777,-860.7996269417964,4703.356538381903
2016-05-30,2035.1681973458208,-647.9374435909286,4714.634768829729
2016-05-31,1455.940236879108,-1273.792149438629,4223.691610526274
2016-06-02,1781.3181194766364,-890.6496882062694,4459.715656573178
2016-06-03,2038.2984954427723,-615.6342852212088,4949.895326290953
2016-06-04,1630.1708492863077,-1326.0468740083045,4388.52506638968
2016-06-05,1799.6125599905606,-1091.0250263490416,4508.098181423178
2016-06-06,1992.4236066895435,-738.8062898595474,4688.038474971606
2016-06-07,1391.6315075539708,-1343.1223787974147,4158.589828260351
2016-06-09,1681.2394170986925,-987.8229319619251,4474.946215397158
2016-06-10,1924.524630769225,-754.936707615986,4573.518944061626
2016-06-11,1505.704194716747,-1195.8697631868426,4278.131319693446
2016-06-12,1667.512016184752,-1046.2197589230227,4517.729088108375
2016-06-13,1855.726024626891,-1008.0381824736291,4509.65980473793
2016-06-14,1253.2770430498585,-1405.7991431384348,3812.509257001767
2016-06-15,367.2734589157749,-2316.793680882263,3132.728449367804
2016-06-16,1547.6687743505695,-1410.7995425531633,4250.379393840045
2016-06-17,1796.8895618102881,-932.4980589462474,4720.800152634819
2016-06-18,1385.9539263851061,-1323.883458714257,4123.050403032057
2016-06-19,1557.244685722883,-1131.91294969546,4532.88216039143
2016-06-20,1756.169450948663,-884.499736096422,4472.879898609031
2016-06-21,1165.2811012611228,-1424.294487577468,3946.8574849545544
2016-06-23,1483.8613454734675,-1316.4058358936124,4226.879786512107
2016-06-24,1745.0149355463438,-884.0167326528101,4327.857128533878
2016-06-25,1345.490410208148,-1234.8120564111755,3850.9710798948886
2016-06-26,1527.408720567111,-1222.2865140847048,4297.098952890997
2016-06-27,1735.961768772484,-1054.130744632419,4504.156674344019
2016-06-28,1153.536938516378,-1529.3861236231623,3785.2161646745403
2016-06-29,286.7554071983013,-2273.161627707855,2880.388185624467
2016-06-30,1485.15097293962,-1227.9857680480072,4075.404532867591
2016-07-01,1750.8066589820007,-839.4368876866528,4497.174028291865
2016-07-02,1354.4790219718307,-1706.549055281898,3810.8494278793773
2016-07-03,1538.387083681523,-1100.321639758847,4372.528048915471
2016-07-04,1747.8341264260018,-1064.8737509088655,4358.311921557796
2016-07-07,1494.808786995059,-1076.551680899333,4506.271017551975
2016-07-08,1758.7436998718315,-1051.5674525232275,4465.910949842456
2016-07-09,1360.5449344596532,-1248.6031684798859,3951.950748194222
2016-07-10,1542.6158007288857,-1089.8804654186044,4407.300251262122
2016-07-12,1166.7619130246944,-1440.522525364039,3860.6617795602306
2016-07-14,1495.419493732412,-1389.1700798428349,4082.8130169507763
2016-07-15,1759.9523158374168,-1048.964577077043,4512.2748476204315
2016-07-16,1363.0615745453883,-1510.3320387628028,4010.86363941744
2016-07-17,1547.1414817632772,-1385.3102744514752,4201.776870617039
2016-07-18,1757.6450852771075,-925.383922589708,4519.517905464467
2016-07-19,1177.1982127214133,-1446.6539095905687,3792.465700552244
2016-07-20,312.6286958199107,-2451.673095596241,3060.807521500866
2016-07-21,1513.637907262465,-1167.3774652010636,4333.0949196303645
2016-07-22,1782.4321034960537,-1046.252576549473,4443.965629683512
2016-07-23,1389.8436553826903,-1319.880891807406,3942.1428012780134
2016-07-24,1578.1063715111572,-1089.1023191240504,4492.218223107742
2016-07-25,1792.5171030492395,-1027.894020405335,4607.991911002625
2016-07-28,1557.2323958155464,-1147.4737918471105,4479.508034607533
2016-07-29,1827.605650472776,-1142.5484314670568,4730.840554786478
2016-07-30,1435.8473782765975,-1247.515977281188,4083.3036188444657
2016-07-31,1624.1975268601655,-1056.644360226576,4167.073347856118
2016-08-01,1838.0007767464435,-931.22917477874,4417.287596567601
2016-08-02,1259.828724279631,-1598.7165395451138,4109.72981042883
2016-08-03,396.5155396831981,-2642.0088914142366,2977.417764176556
2016-08-04,1597.833869003525,-863.4078483067514,4345.3717982912885
2016-08-05,1866.1282742148985,-865.3934330246092,4530.26323581591
2016-08-06,1472.4361657083687,-1456.4805380096009,4090.71175987711
2016-08-07,1659.2603794088927,-1173.2414551243005,4435.1311754623475
2016-08-08,1872.2256122140302,-924.0188796236771,4698.802755858133
2016-08-09,1294.1923257072422,-1501.896833198711,4121.835538256533
2016-08-11,1636.5510689747086,-1145.0660642342025,4424.488228234777
2016-08-12,1909.600172742002,-798.4824585686555,4702.1025484118145
2016-08-13,1522.7005016179596,-982.0529199282499,4367.437802368621
2016-08-14,1718.5501132963766,-1121.2484605337038,4328.960130702298
2016-08-15,1942.923629077872,-866.9039556310832,4712.835801816152
2016-08-16,1378.7788587416162,-1444.6805665721045,4011.443055680205
2016-08-17,533.2774061906105,-2229.259252414216,3402.4593855932944
2016-08-18,1756.4809007734632,-925.267707040807,4485.296893963566
2016-08-19,2050.8684370676765,-451.4682232852611,4837.163490176294
2016-08-20,1687.5498495813956,-1062.0686828571302,4582.73623567901
2016-08-21,1908.9950467094336,-825.5823042686133,4569.55923103652
2016-08-22,2160.6840521788913,-698.8434162034918,4972.328156962358
2016-08-23,1625.217169077429,-1291.059863550722,4185.432609237916
2016-08-26,2387.04715875268,-498.39307109328075,5023.393095964854
2016-08-27,2053.201947485923,-630.0087461982209,4802.150930824263
2016-08-28,2302.984847179887,-572.3908726389953,5088.287965205249
2016-08-29,2581.2987156514027,-86.36233980524113,5436.05209751413
2016-08-30,2070.166580601266,-654.2725796356787,4842.595314561856
2016-08-31,1275.769393497245,-1495.3148802872533,3985.122567391169
2016-09-01,2547.126510182311,-211.6428269815857,5268.039734090605
2016-09-02,2885.73620196001,117.23193482203713,5446.564658942669
2016-09-03,2561.706100538279,-95.19794203240113,5283.160670419713
2016-09-04,2816.537618032799,85.19497832363477,5414.5228436462585
2016-09-05,3094.796386638729,252.96917723145853,5917.297368923244
2016-09-06,2578.242104084576,-197.1755646681207,5288.5576787704695
2016-09-08,3027.61068709372,336.22206816566245,5728.463017392438
2016-09-09,3343.9454276936617,824.9055843499507,6001.4389374279435
2016-09-10,2992.0669579644737,219.70140273872585,5639.494007929704
2016-09-11,3213.6495969201633,373.6432200326201,5821.422353680438
2016-09-12,3453.5208823788785,653.9909313757336,6212.265906647844
2016-09-13,2893.7881171860054,119.64951193555176,5572.301538686845
2016-09-14,2040.8778621238307,-875.980887608256,4659.774506920381
2016-09-15,3244.2152006639662,568.0641191249329,5818.649166019446
2016-09-16,3505.8601302794223,1054.742410170231,6288.354127574666
2016-09-17,3096.631094898904,336.0237146755574,5828.171508710474
2016-09-18,3258.8798664186766,417.92631866721786,5956.992122065205
2016-09-19,3438.1500361713793,669.7692587707387,6276.115911842555
2016-09-20,2817.2927614559408,47.338711510787554,5498.8036757133805
2016-09-22,3046.948250231242,603.92022962697,5948.1802471079
2016-09-23,3250.4723671451375,458.4883033469322,5766.198789971712
2016-09-24,2785.62961106663,82.01827843296417,5506.4434411643615
2016-09-25,2895.488340638003,185.09747815269034,5532.723401689504
2016-09-26,3026.2717362512303,229.65563466295677,5620.778138708921
2016-09-27,2361.4643351111154,-393.043052745926,4997.044743053922
2016-09-28,1408.83200244909,-1395.7987386318414,3978.142561986413
2016-09-29,2519.082451363436,-65.65183341239747,5435.82424804173
2016-09-30,2695.4839248701614,-51.265539956307165,5434.527791099194
2016-10-01,2209.976605318384,-508.08307475621604,4904.070463302009
2016-10-02,2305.919535826196,-358.2967156201984,5132.076904249366
2016-10-03,2429.748708855861,-332.63950485921765,5174.827440000094
2016-10-04,1765.0768585676758,-1082.2798286076188,4511.340238325165
2016-10-06,1944.317777013634,-655.7523470687088,4630.419318235816
2016-10-07,2142.032310647919,-629.98907294201,5133.68593046737
2016-10-08,1684.5772382737414,-989.8679192152837,4151.571581409095
2016-10-09,1815.0198218692965,-798.9063535527813,4513.103941256574
2016-10-10,1979.4213966886227,-767.8547292852377,4564.4451950088005
2016-10-11,1360.9455943750208,-1484.798039037325,4031.888741815462
2016-10-13,1647.3109747211663,-924.4639901144445,4529.169672144417
2016-10-14,1904.7311434781304,-1010.8774340058469,4630.214745148639
2016-10-15,1510.1731244044013,-1261.1013444031678,4188.614682437101
2016-10-16,1705.970415302802,-1098.1359294502668,4533.916356011781
2016-10-17,1937.415821375367,-727.2365340659951,4837.416340125377
2016-10-18,1386.878427488423,-1210.7992079576234,4156.840056388793
2016-10-20,1808.5519299178727,-853.5464628890131,4459.23085302911
2016-10-21,2131.707824189756,-703.1545998526977,4873.012852801626
2016-10-22,1800.5324424190037,-1116.0052587894465,4437.652724119881
2016-10-23,2056.5805952489495,-646.2203852294961,4780.503771288046
2016-10-24,2344.4006004903094,-362.58272294429116,5014.30004746733
2016-10-25,1845.6617350238653,-748.4248727473561,4523.875999996064
2016-10-27,2354.689598413007,-353.2389352079241,5081.782872154106
2016-10-28,2712.315748718711,22.851715832444224,5686.42486503892
2016-10-29,2408.881556473232,-292.2183583155119,5069.372032115183
2016-10-30,2685.6101823079944,52.124403266447736,5433.766846924011
2016-10-31,2986.8160390757484,158.0891351426279,5582.085491253369
2016-11-01,2494.0378364012386,-105.48237204321663,5199.6602383804375
2016-11-03,2992.7294619511667,175.88258190112668,5673.961811965277
2016-11-04,3334.3440276818237,545.6901240521502,5968.686198284301
2016-11-05,3008.0437122652447,559.894591053002,5894.3042274619065
2016-11-06,3255.4674018788337,527.2573624139891,6007.517116265621
2016-11-07,3521.447789697657,866.2657292909973,6167.025329808401
2016-11-08,2988.1376263314833,206.3525145686464,5599.074282791528
2016-11-09,2162.048131106691,-467.68184159419104,4753.5672115193665
2016-11-10,3392.7263068579114,660.7665759482062,5971.726214756925
2016-11-11,3682.388438074122,1063.180123805058,6381.001088396762
2016-11-12,3302.0397247581463,627.7931014719377,6017.889592321188
2016-11-13,3494.2442162612306,822.4328573998058,6158.311578549557
2016-11-14,3704.7773325386006,786.740194580385,6289.102150137519
2016-11-15,3116.734394451065,405.3982753097245,5725.479090491281
2016-11-16,2237.5510444121087,-643.2054720908112,4665.656193994201
2016-11-17,3417.6621965805707,598.8605919074821,6324.684985307894
2016-11-18,3660.1174133956306,895.1794496862661,6345.885703159355
2016-11-19,3236.6830142092713,539.4423301385215,5897.0099080252985
2016-11-20,3390.5954862620233,752.7157373776204,6178.336169847794
2016-11-21,3568.1988411024286,921.0903343509918,6360.233732507409
2016-11-22,2953.039958481606,320.76684573799133,5804.52098933664
2016-11-23,2052.8776979716818,-658.3415738069259,4686.686667931427
2016-11-24,3218.3332108333457,596.2429466350503,5950.439852220405
2016-11-25,3452.499400643569,637.823501226139,6316.222862197038
2016-11-26,3027.040114950182,261.7129399118995,5657.946181508597
2016-11-27,3184.9438061611154,641.6628793386877,5815.260392148811
2016-11-28,3372.1644036566718,671.6448338824723,6106.854235985762
2016-11-29,2771.723463717995,8.886360653668754,5575.535605403209
2016-11-30,1890.7293237985652,-907.320565659517,4620.443041083567
2016-12-01,3079.040560301304,338.6151035111904,5801.306093645728
2016-12-02,3338.8914850939746,496.58823833748363,6033.917797550774
2016-12-03,2941.0099727870643,188.86413019439686,5660.197309494379
2016-12-04,3127.3919936118346,368.3293312413018,5922.698231096936
2016-12-05,3342.9651644696496,827.3629981947644,6116.049135251676
2016-12-06,2769.7148973016747,-20.291678013450007,5327.083200875224
2016-12-08,3123.882814271705,460.5361276563914,5792.864948304422
2016-12-09,3401.495965444894,549.9321795047158,6086.01440701654
2016-12-10,3016.4671941616266,192.22798104738203,5491.699928087077
2016-12-11,3210.0742714836015,489.37960444223035,5912.081450619007
2016-12-12,3426.6568049175703,666.7717171724402,6073.509373258891
2016-12-13,2847.7596233404524,333.7508534556395,5604.343464968981
2016-12-14,1979.1907852652303,-713.8442749993818,4673.623567970702
2016-12-15,3169.7205204387296,789.5308843218827,5983.777700377001
2016-12-16,3420.7379062319433,651.4457207786492,6134.617431755541
2016-12-17,3002.394716995216,278.81661767460577,5618.700504791218
2016-12-18,3156.4000713052696,415.14144669718985,5863.549902179509
2016-12-19,3327.697564944019,518.7787124939715,5899.567100744068
2016-12-20,2698.5979885849792,-235.4324367018441,5605.765114654995
2016-12-22,2909.1828444537623,-197.47771189362064,5499.876920794297
2016-12-23,3101.2157604135373,373.7405557231217,5822.924612085822
2016-12-24,2623.3015415705104,-112.11359134717208,5457.977477041894
2016-12-25,2718.4308723389495,51.205148971113275,5552.691358985912
2016-12-26,2832.852368131169,274.19400109434144,5516.785792352501
2016-12-27,2150.1742160494655,-579.4700924638586,5008.137771360765
2016-12-29,2268.4592618718452,-354.88192891675084,5067.358809441625
2016-12-30,2424.0492046413797,-405.4611588957113,5031.22308226492
2016-12-31,1917.4879813055534,-974.8996260870373,4628.310874218832
2017-01-01,1992.574614743661,-689.5425135192987,4646.081260577509
2017-01-02,2096.1904536019165,-651.2713548167171,4977.073221582119
2017-01-03,1412.3825856273274,-1422.0112540193077,4078.5992557886516
2017-01-06,1742.1401554006063,-871.8545846868508,4744.259595752616
2017-01-07,1273.2703110190032,-1597.9083705250932,4036.6192225452
2017-01-08,1394.6878565401391,-1378.8653094416643,4109.87426344727
2017-01-09,1552.4283271724833,-1361.4636383608536,3921.1954852260938
2017-01-12,1212.401638472628,-1744.6068446333938,4051.994937953222
2017-01-13,1469.8698651284978,-1253.819871478727,4172.445290331469
2017-01-14,1075.7349046612865,-1580.5109680770656,3837.3519422872855
2017-01-15,1271.5892786659022,-1640.2385739418053,4012.4855380171443
2017-01-16,1501.8993740155688,-1297.2616566327824,4199.856686258661
2017-01-19,1353.3705868578795,-1430.0129138441634,4122.9838484405755
2017-01-20,1661.4095837229384,-1231.3602210689492,4198.5086253844
2017-01-21,1309.3068421380722,-1606.520626525204,4192.6647336909955
2017-01-22,1537.7844241363148,-1187.6235108061571,4313.582331794896
2017-01-23,1790.6544397756431,-1197.2088373830723,4448.32936423463
2017-01-24,1248.9735476043452,-1617.7508059362242,4012.7119435219124
2017-01-26,1646.4552533200754,-1379.4807132729363,4322.72191286414
2017-01-27,1935.078875608497,-925.3050931373973,4554.210703917906
2017-01-28,1553.8858136013607,-1363.021985234906,4277.576686059889
2017-01-29,1744.409765509465,-749.7688449890287,4359.693178253523
2017-01-30,1951.492167463117,-820.6424451504524,4750.934411484588
2017-02-02,1635.973883002203,-855.0129105499614,4248.379671746802
2017-02-03,1861.227692782783,-931.7126365636447,4456.318896103788
2017-02-04,1416.2911814736126,-1256.6101483738871,3966.5549589642374
2017-02-05,1544.410606618424,-1094.3744437090938,4320.155728964918
2017-02-06,1692.1222579397577,-926.1620116820486,4553.641097114647
2017-02-09,1232.5410965561114,-1496.8461078846462,4012.4517783579577
2017-02-10,1425.775774243735,-1361.718362109216,4057.4502576577243
2017-02-11,958.7138586303594,-1979.320401430387,3539.842644741646
2017-02-13,1222.994815209709,-1646.7452326011996,3823.5355541974714
2017-02-16,832.4915495681366,-2179.9262460205086,3496.4456847351503
2017-02-17,1071.1707812048194,-1592.0284271476444,3569.7244682740866
2017-02-18,659.7365228053661,-2161.8249526898303,3339.98543801006
2017-02-19,841.2678571607114,-1930.4864578744266,3799.7834479091925
2017-02-20,1061.6731009556565,-1642.5684671411643,3603.8238278497342
2017-02-21,503.79374204263877,-2453.6521920091295,3349.0481472918323
2017-02-23,923.0054545106964,-1950.1269402335154,3717.0028483215565
2017-02-24,1251.2171086242936,-1542.1255265200539,4212.021670167147
2017-02-25,929.1526322118973,-1743.9129408744864,3830.3533150208186
2017-02-26,1198.0869310271514,-1262.9347991031816,4075.6064115212084
2017-02-28,1022.5255716587951,-1772.220706888345,3789.947924946867
2017-03-02,1575.7957924554942,-1237.8250056465963,4298.521703620163
2017-03-03,1957.1497636024746,-837.3440469190142,4766.680047268442
2017-03-04,1677.5165270417854,-1077.1876192927505,4447.420882403959
2017-03-05,1977.362750473683,-758.5851444482598,4729.0167358276385
2017-03-06,2300.2671711135604,-340.44698869348423,4995.092064245991
2017-03-07,1827.0748742485732,-884.5790598753981,4643.734200705177
2017-03-08,1062.963762105001,-1877.8977712985272,3930.5447556543622
2017-03-09,2356.1493645149094,-263.94922389368844,5206.971127284154
2017-03-10,2707.544720890547,-75.76593460997617,5496.5362644717925
2017-03-11,2386.904787648647,-362.53895207757637,5065.672963827251
2017-03-12,2635.6190980388064,-59.466121349274296,5533.346321380234
2017-03-13,2898.384546290294,156.04009507588867,5618.905676945312
2017-03-14,2357.3316539730336,-380.40999557724996,5195.192657947433
2017-03-16,2733.3063805277643,67.34494802174382,5496.265776501038
2017-03-17,3002.573476869947,155.4985810788044,5815.301991825435
2017-03-18,2598.23241736167,-190.6732915687575,5275.079819490528
2017-03-19,2763.280844053874,-22.546133117708727,5626.416153750898
2017-03-20,2943.979076796242,273.9964140624512,5692.32385585042
2017-03-21,2323.9419952936355,-210.1916845614332,4968.272626330198
2017-03-23,2556.5518954688173,-149.2141379189951,5244.161504396862
2017-03-24,2763.7424976257994,22.281612340572217,5525.419709290581
2017-03-25,2304.9715859484736,-348.3944277466754,4916.768626056908
2017-03-26,2423.923524809965,-432.81080775686684,5261.841762525392
2017-03-27,2567.3360501633742,-199.04739425189786,5267.903035085156
2017-03-28,1919.087450038302,-697.3668428443204,4670.062194257344
2017-03-29,987.2003223750269,-1874.118508876442,3560.7027804551935
2017-03-30,2122.4894822954197,-627.5405644393245,4862.085369724089
2017-03-31,2328.172002405672,-197.44545078628104,5160.9995262002185
2017-04-01,1875.9698987521454,-697.094930165301,4621.047672210303
2017-04-02,2008.870028439817,-718.7880573087443,4840.674298577178
2017-04-03,2172.7736724617,-648.4045024967686,4793.0838900018125
2017-04-04,1550.609533847113,-1205.311891612692,4269.787220928337
2017-04-06,1818.765116547059,-794.1500268437875,4671.574225455875
2017-04-07,2060.9089368931404,-570.8613443485073,4825.266808203411
2017-04-08,1646.4053060454792,-1060.5036188449983,4193.939514275142
2017-04-09,1817.1596285832356,-750.2649227599409,4635.390657683562
2017-04-10,2018.0507125478757,-837.5231355590967,4806.101421301075
2017-04-11,1431.0682908296515,-1229.4244997328615,4126.132655045956
2017-04-12,562.3662785044157,-2037.4707998737297,3064.9255931504727
2017-04-13,1760.9580766668882,-735.9634476200991,4529.491283818333
2017-04-14,2028.3707266036088,-738.058190904903,4813.436209828738
2017-04-15,1634.7873583487033,-1019.4210373210694,4514.071324539338
2017-04-16,1821.8415686077465,-1089.540594195068,4515.517837540845
2017-04-17,2034.2954301197396,-838.8698184484845,4600.860690434677
2017-04-20,1784.5407550664672,-1035.7013912480252,4471.082672336903
2017-04-21,2046.321150248086,-582.2319837650789,4861.1337701854145
2017-04-22,1643.8773711785077,-1194.303540080703,4517.118980305015
2017-04-23,1819.46726812998,-833.7712059891977,4538.242137876501
2017-04-24,2018.5400330710318,-697.6443354653607,4647.269456336766
2017-04-25,1423.848473849399,-1498.6343242525797,4315.301995255791
2017-04-26,542.4723845404928,-2213.6284333995554,3344.3625863842026
2017-04-27,1724.4802613942077,-1035.7808773224638,4477.2462872286005
2017-04-28,1972.5471869710052,-645.3476253944261,4770.212279345273
2017-04-29,1558.059395891363,-1110.7041991333776,4253.5374497583625
2017-04-30,1723.8702470728924,-996.8506088792294,4268.538788159723
2017-05-01,1915.940384669923,-623.112406546424,4783.41573283177
2017-05-02,1317.4362451582856,-1488.286827766694,4004.796146719997
2017-05-03,435.7427753077393,-2377.638585772118,3048.965341720487
2017-05-04,1621.1178416918087,-1319.1584502692742,4486.340134269094
2017-05-05,1876.3062877884286,-950.0789366627746,4568.010743900693
2017-05-06,1472.644185769657,-1200.6838044712738,4168.885517898549
2017-05-07,1652.8179430592813,-1040.828790257827,4520.157343369718
2017-05-08,1862.5108859607699,-945.1696438642002,4628.675074982942
2017-05-09,1284.51122935791,-1394.1060788015327,3943.430419694249
2017-05-11,1635.9047775039517,-1117.8646206126982,4333.213798989547
2017-05-12,1917.1604109398304,-736.9371309784406,4622.243651109996
2017-05-13,1540.2006666537654,-1094.7296948428905,4060.3490994093377
2017-05-14,1747.0510356435016,-1006.977968333846,4408.774467440973
2017-05-15,1982.731127882852,-782.9642835642956,4624.558916655482
2017-05-16,1429.381245246394,-1468.1990781817415,4098.589210668744
2017-05-18,1823.6554119044695,-915.518322938801,4392.834588833791
2017-05-19,2122.079032772562,-638.5341579733005,4937.944130415622
2017-05-20,1758.851947374752,-1075.2866354529526,4625.32019163735
2017-05-21,1975.6672811746494,-721.2690733173871,4717.815953506155
2017-05-22,2217.3085643202703,-319.72606895129195,4904.76902031704
2017-05-23,1665.7813219828813,-1148.9035785862727,4430.334827424615
2017-05-25,2051.2624380250422,-643.2926985841569,4662.251004369903
2017-05-26,2339.3121830007876,-634.3489053416565,5228.496623228629
2017-05-27,1962.0465469097846,-649.8605564485492,4799.204319794528
2017-05-28,2161.5063739514653,-729.2556398733135,5025.06404232615
2017-05-29,2382.8964980780606,-505.32809049955176,5071.908577752519
2017-05-30,1808.704829631026,-1045.4039466262607,4472.79976408418
2017-06-01,2143.7679692578217,-611.337571905754,5088.002206575788
2017-06-02,2405.2050133940725,-371.730083693555,5100.350991235135
2017-06-03,2001.1642974022068,-870.148693708487,4748.834043573398
2017-06-04,2174.253576717282,-512.3435167982544,4778.5193987827515
2017-06-05,2370.21673857681,-403.8415280905355,5246.2512944575155
2017-06-06,1772.0397339703259,-1180.2975783886013,4614.9894504114145
2017-06-08,2065.176032322435,-552.4284664573574,4709.255407582847
2017-06-09,2309.3668620311237,-525.2723973605972,5073.281827334562
2017-06-10,1890.8986337738893,-924.7247452882067,4595.635324484885
2017-06-11,2052.5361047388205,-861.2783844701839,4790.442825935598
2017-06-12,2240.099701153918,-390.43721216596185,4975.25201667669
2017-06-13,1636.5726812963544,-1034.3486392152831,4526.506618775243
2017-06-15,1927.7731515218293,-763.8803670642902,4633.211273948004
2017-06-16,2175.017183557437,-673.452027819355,4716.564836537316
2017-06-17,1761.9457183975173,-743.2695440301811,4587.479944800156
2017-06-18,1931.0125917830835,-986.1103346762995,4739.867900196866
2017-06-19,2127.69375676636,-648.7294708054594,5125.548220095538
2017-06-20,1534.605870475094,-1156.0499689130013,4190.190035284699
2017-06-21,658.5406465741676,-2076.0300658427386,3258.957832841426
2017-06-22,1849.141763958637,-831.0633427737824,4680.112478664681
2017-06-24,1707.4875455061867,-1053.961392554345,4289.726586328551
2017-06-25,1888.122191343494,-911.5381735067508,4627.597083916208
2017-06-26,2095.648905562474,-520.3280310606415,4889.658810739557
2017-06-27,1512.456648779832,-1267.8694379799767,4418.141386787003
2017-06-29,1843.2728072333716,-987.0330786421667,4670.815109452996
2017-06-30,2108.857844643014,-692.2785009866832,4837.389848349853
2017-07-01,1712.6404122208319,-926.811361413181,4544.169182083639
2017-07-02,1896.7919062547348,-915.2230451388618,4536.182074875567
2017-07-03,2106.59033336931,-636.3936916546415,5014.011301511284
2017-07-05,657.402340158555,-2099.1505291958524,3388.2795362588777
2017-07-06,1854.8712096885495,-992.2448928043228,4601.312521449726
2017-07-07,2119.1995265197575,-610.7282017693999,4840.8668499153155
2017-07-08,1721.3180476582038,-1098.1662002826426,4515.226693150626
2017-07-09,1903.6042821496426,-649.0669908117499,4683.045004770041
2017-07-10,2111.536091890057,-654.8710586972355,5003.145573424241
2017-07-11,1527.8034881057001,-970.7902394220336,4390.905821171129
2017-07-12,659.3341589925167,-2066.706732762044,3384.876294202838
2017-07-13,1855.9599047474935,-750.390304573922,4482.161332164066
2017-07-14,2120.0416632554025,-798.5731646014651,4749.682161823809
2017-07-15,1722.5834385029457,-986.7266587664391,4410.212002480663
2017-07-16,1905.9995987226762,-916.1870968565122,4574.745969090155
2017-07-17,2115.7680191754457,-446.2410729502133,4842.570729398317
2017-07-18,1534.5428784546948,-1213.4703352739662,4109.355144196305
2017-07-20,1869.4199649534444,-776.4134281963073,4813.917328685396
2017-07-21,2137.492094521043,-666.6359592203925,4815.608166954006
2017-07-22,1744.2601740802352,-1003.422303936244,4444.039675361409
2017-07-23,1931.983434356629,-912.7574480697391,4652.312523780587
2017-07-24,2145.979471176066,-598.3868698015239,4835.354609167341
2017-07-25,1568.7445099366278,-1208.2588953873299,4368.073777573198
2017-07-26,706.9888273004715,-2024.3185735257557,3237.707400577478
2017-07-27,1910.314143222116,-811.9185449813989,4513.496977068728
2017-07-28,2180.850267615034,-594.4763537474279,5094.453184710346
2017-07-29,1789.3808922010599,-795.90485303581,4565.095798002996
2017-07-30,1978.1225638069109,-538.5442546970194,4795.922778790388
2017-07-31,2192.388888273677,-618.8311908172738,4687.057044593914
2017-08-01,1614.7133664071391,-1267.8926793122773,4399.926702749957
2017-08-03,1953.6302054033727,-895.1566400550121,4675.051370111331
2017-08-04,2222.2379223966327,-299.66493908655593,4844.246264261898
2017-08-05,1828.6917944345369,-724.3119393014393,4715.281652474857
2017-08-06,2015.4395699273891,-607.5142113793959,4820.974143447983
2017-08-07,2228.052266218551,-600.883773748788,4855.918607731955
2017-08-10,1989.1852591080738,-797.2924311021796,4839.379528614421
2017-08-11,2260.33068914688,-487.7442122729004,4733.039487619308
2017-08-12,1871.06486568555,-789.623992871842,4714.627711068701
2017-08-13,2064.0757466502887,-586.6225692642456,4732.540698338974
2017-08-14,2285.139643520613,-509.0945829089313,5277.503407664648
2017-08-15,1717.2285085061658,-866.3304565890572,4498.133526338469
2017-08-16,867.5308976207295,-1805.3419071664882,3524.667410237274
2017-08-17,2086.1138115308663,-731.6806546786202,4745.368956980891
2017-08-18,2375.5431290921433,-589.6582950079339,5246.694145282403
2017-08-19,2006.9929841281362,-640.0071138743755,5119.17411835641
2017-08-20,2223.0085982062174,-558.8205543355899,5097.952028952859
2017-08-21,2469.1550975678997,-383.21391025866916,5172.6881039476475
2017-08-22,1928.1261836483886,-940.497095230709,4527.834847475477
2017-08-23,1106.7682090127366,-1401.3873032177942,3918.559158992827
2017-08-24,2354.7468105147514,-368.08669447139863,5139.405826183393
2017-08-25,2674.1737205334002,198.9448770333504,5552.074338070924
2017-08-26,2335.7239711603447,-328.714945725633,5070.691166919638
2017-08-27,2581.4078309115303,68.21737391980488,5419.175465344699
2017-08-28,2856.2297961345525,174.63916987838016,5751.565788471398
2017-08-29,2342.308273660977,-411.1220845879581,5032.625257830267
2017-08-31,2816.134851331868,182.23176718181134,5637.838259622257
2017-09-01,3154.542081438716,384.56584431772984,5858.77423269846
2017-09-02,2831.29177793595,-13.350948481233026,5679.313311590541
2017-09-03,3087.921760857718,227.16988438163276,5795.269783561191
2017-09-04,3369.018303128648,656.4322506764748,6063.106751510012
2017-09-05,2856.345307674288,-91.1850733860211,5364.182912871864
2017-09-07,3316.539846210763,467.800709193838,6114.489564148199
2017-09-08,3639.7438970219973,889.014718564133,6505.229499747148
2017-09-09,3295.628400903723,575.4839306799394,5954.709395910372
2017-09-10,3525.7906857951666,896.8359041954501,6379.324424460655
2017-09-11,3774.9673558338686,785.2918979094474,6209.968251796664
2017-09-12,3225.1622168059625,360.8187070443716,6117.0741904304305
2017-09-13,2382.687355729877,-493.57616046647826,4994.501662405091
2017-09-14,3596.8441650089917,690.4273240522899,6460.715868702444
2017-09-15,3869.5616292238433,1230.8253487292343,6594.924966792097
2017-09-16,3471.521851089369,814.3663120751523,6177.262049207286
2017-09-17,3644.9369863374177,913.532193896705,6440.449181438316
2017-09-18,3835.20981092409,1263.6306080109098,6529.819174363598
2017-09-19,3225.0515296178523,544.2877838837023,5967.773781023905
2017-09-20,2321.5121669257164,-364.57991975618654,5086.886034185882
2017-09-21,3474.6505348326455,780.910438003548,6261.220290221489
2017-09-22,3687.161297007535,1002.3106678518546,6324.625707340258
2017-09-23,3230.48930068148,324.6355803105373,5969.052659804461
2017-09-24,3347.5955298759936,465.8033080464131,5910.542697546311
2017-09-25,3484.6070729226785,668.5683586370928,6091.152252431302
2017-09-26,2824.924865928146,-36.06767444197877,5713.666458315503
2017-09-28,2989.2185069559405,412.89746694880205,5760.612607016296
2017-09-29,3167.073814389221,536.4110182979405,6083.770798571405
2017-09-30,2681.7211480466835,14.818915216318361,5511.033719256225
2017-10-01,2776.514251463992,94.4536459111401,5463.378146428944
2017-10-02,2897.8952696393408,128.61612043501034,5631.547480993346
2017-10-03,2229.4987671487306,-462.5620815008061,4995.4144319261695
2017-10-04,1279.1700426964333,-1347.647587334902,4170.3615944417215
2017-10-05,2397.624836153541,-354.058556366317,5146.4995948239975
2017-10-06,2588.0680180735058,-144.555578043387,5334.565495877961
2017-10-07,2122.301474995733,-453.9332837257832,4811.033801366266
2017-10-08,2243.4855605907605,-496.4002752778459,4999.824076306557
2017-10-09,2397.7865000619386,-535.8889716998167,4936.765732154703
2017-10-10,1768.4834851864532,-1078.1077246555571,4529.267688101313
2017-10-12,2031.522699182853,-601.1561821977091,4816.3048030069585
2017-10-13,2276.7165931450963,-455.424205415513,4862.886060821451
2017-10-14,1869.7480439960468,-829.5515112623239,4494.250238711235
2017-10-15,2053.0985759570876,-581.6746177002295,4926.626292033776
2017-10-16,2272.2106464285694,-422.64535518531335,5318.380518228531
2017-10-17,1709.6028085983805,-729.2284606422497,4376.056941598329
2017-10-19,2108.509821084796,-823.2202090076977,4949.10696180426
2017-10-20,2421.2507220386133,-375.58586075528257,4947.446675967093
2017-10-21,2080.481496548952,-892.9397577238054,4705.086118238843
2017-10-22,2327.877044093176,-345.47373423567245,5183.772967867894
2017-10-23,2608.094231958468,-287.73229359271613,5140.4143533048455
2017-10-24,2102.897589044624,-646.4882888254598,4901.6092720859215
2017-10-26,2602.749834029879,-165.5620175127137,5298.35199558938
2017-10-27,2957.768160466644,233.34895117321503,5748.478243955231
2017-10-28,2653.0888165606025,47.933944632977656,5399.087147384143
2017-10-29,2929.942589436555,358.5561398057888,5609.350985552706
2017-10-30,3232.6312818459555,426.98907733778543,5858.490391811983
2017-10-31,2742.6605061312653,-2.670534392004236,5349.744024397413
2017-11-01,1965.7869467245607,-640.6497129988248,4670.056068235592
2017-11-02,3250.7067860946127,511.1336886915092,6277.72469762863
2017-11-03,3598.7024733738226,877.442257176536,6241.3607156329135
2017-11-04,3279.777633262245,649.3619569017634,6084.346970897037
2017-11-05,3535.444070151718,960.7321946853754,6303.842593102972
2017-11-06,3810.3928461017267,1153.4998934743198,6528.3798236982475
2017-11-07,3286.6227741011344,344.14208772260855,6020.3389239870985
2017-11-08,2470.481385095937,-336.746728475341,5127.580024024721
2017-11-09,3711.3450748660434,1059.813555552809,6556.253807361481
2017-11-10,4011.2556653645706,1359.0159887094148,6664.9231453685825
2017-11-11,3641.0432797161707,919.5456684364808,6590.940101606021
2017-11-12,3843.0996347888968,1176.2253140449357,6543.645825241362
2017-11-13,4063.033925867927,1519.8494983284863,6760.144927313406
2017-11-14,3483.7848861964503,643.803087670444,6182.4905914016235
2017-11-15,2612.6443635167043,-336.53503907182704,5309.948250959235
2017-11-16,3799.9194415048823,1160.6980870060713,6567.984563767624
2017-11-17,4048.5506947113445,1439.1520786332817,6823.394182695622
2017-11-18,3630.216855756945,1044.7931851843048,6386.419061597373
2017-11-19,3788.090395621871,1133.2125223589426,6536.018646909486
2017-11-20,3968.47659683263,1460.1897632261512,6675.873896739306
2017-11-21,3354.910106400558,432.36467712457494,6187.294839116158
2017-11-22,2455.164703208326,-249.36095249561734,5229.965626093753
2017-11-23,3619.903678397719,863.2543731211548,6246.215905424159
2017-11-24,3852.2887557855547,1103.8616438158247,6596.612974732387
2017-11-25,3424.0781271126853,713.6350177134278,6171.8025528851
2017-11-26,3578.3783473124636,842.8543079825281,6243.263919338016
2017-11-27,3761.282853813852,924.4016752525068,6633.411447405052
2017-11-28,3155.971213449302,570.5003378723596,5818.373733259557
2017-11-29,2269.724875225347,-685.2120705723515,4904.858921270214
2017-11-30,3452.58679358708,695.6325186924997,6068.311250683203
2017-12-01,3706.9827358222587,937.1273386263535,6365.298216435876
2017-12-02,3303.8346549682233,677.9133772492219,6088.123608105209
2017-12-03,3485.3306020786868,819.9697261227761,6253.766071725098
2017-12-04,3696.583596235245,916.4673792012222,6559.943558270968
2017-12-05,3119.7531422368565,439.1236238309928,5790.114970557531
2017-12-06,2261.0847004310162,-475.58372969422106,4882.346188483487
2017-12-07,3469.5939492667944,616.1389741216184,5969.194867198256
2017-12-08,3746.713091473277,1056.4669450000135,6440.049309373496
2017-12-09,3362.4289966392334,693.5598008019081,6105.339694222986
2017-12-10,3558.0770536294967,907.3536680852891,6407.391481329314
2017-12-11,3778.022553830012,1168.887012617686,6805.3266004677835
2017-12-13,2341.184109732166,-447.3931427754005,5183.52138939486
2017-12-14,3538.8618242897824,855.9070475303848,6284.89175035889
2017-12-15,3798.1171904986377,1025.422886216601,6463.560331048671
2017-12-16,3388.9634941243385,767.4523066389156,6018.507543940758
2017-12-17,3552.9432741983146,785.6373973611308,6381.954581730573
2017-12-18,3734.8088481321242,1210.0400795550477,6272.489663958315
2017-12-19,3116.6590954237827,201.58857802668052,6116.594231822623
2017-12-20,2204.987286435467,-418.24650454830623,5077.91171625701
2017-12-21,3349.366435467774,601.1868444341172,6164.9049277650065
2017-12-22,3552.0892372909193,909.870287486152,6157.880493759265
2017-12-23,3084.2923670881964,304.204314809352,5807.474278701881
2017-12-24,3188.7291878567557,577.3115086982237,6000.216478579909
2017-12-25,3311.4230407936084,707.722898550194,6013.558249893233
2017-12-26,2635.774762923422,-88.83987898211285,5432.070270931304
2017-12-27,1669.5798941418916,-1154.5892487583124,4397.25134040707
2017-12-28,2763.6827762506996,-105.10830794130324,5450.404079396296
2017-12-29,2921.5853569973183,55.75815807932794,5757.987524163212
2017-12-30,2415.541244835609,-227.81503549081398,5111.496826211884
2017-12-31,2489.2998172961434,-255.72063823409013,5298.600586102611
2018-01-01,2589.733290828582,-105.58255441385826,5376.540946540754
2018-01-02,1900.9210834705611,-820.2835446696924,4529.436448366215
2018-01-03,931.1475560335011,-1988.8896886885136,3722.443941320403
2018-01-04,2031.540877530948,-798.5105231728206,4757.022892603575
2018-01-05,2205.671275378043,-426.98634027781446,5029.699004780128
2018-01-06,1725.639555217443,-1114.579616693631,4371.645807966875
2018-01-07,1834.8209133523108,-1090.9740236179596,4582.14081042767
2018-01-08,1979.497043423212,-701.759153867642,4490.4399938576225
2018-01-09,1342.9508315177661,-1710.6773797193382,4013.527167480099
2018-01-10,432.47955629531066,-2478.639665725723,3118.4593716086033
2018-01-11,1598.054040885047,-1145.4734952579227,4415.784898070834
2018-01-12,1841.9415939364512,-924.9334362132341,4611.619343752954
2018-01-13,1434.823086069938,-1141.50135773736,4122.087726100296
2018-01-14,1618.568542528521,-1133.5898844307517,4288.4246234940265
2018-01-15,1837.9035227388765,-1037.5090404262194,4446.147679038962
2018-01-16,1274.5397782015716,-1436.4854149344917,4295.059469107331
2018-01-17,434.2252501652413,-2250.1167235703197,3209.0833244255527
2018-01-18,1665.4399669958075,-1145.1130944890256,4483.700095713406
2018-01-19,1969.0547819074031,-816.2259012461957,4714.442828006721
2018-01-20,1614.4824132084232,-1236.6118759463632,4328.0727049288025
2018-01-21,1842.4843186838757,-1018.7302801857719,4464.944223599239
2018-01-22,2096.8648820458575,-833.996863095698,4789.807269015395
2018-01-23,1558.6256874289188,-1444.7224052382091,4313.602642958824
2018-01-24,733.0343234635941,-2240.940355819523,3427.0439876725477
2018-01-25,1968.3337694857564,-899.4520369506308,4613.10566358171
2018-01-26,2265.4089231264315,-294.34107869555555,4944.32955679942
2018-01-27,1893.9394870766073,-1014.2878504495627,4660.041015378119
2018-01-28,2095.2026463793145,-680.3419682851737,4803.553968745146
2018-01-29,2313.757062088405,-258.8749387374477,5015.693480071918
2018-01-30,1731.5811531444874,-821.2757714196875,4601.776385757772
2018-01-31,855.1204483453128,-1584.2035262344625,3785.5645743418618
2018-02-01,2033.9705382255895,-798.782524862208,4670.571466578262
2018-02-02,2270.512789512156,-600.6210759070246,5011.705287396814
2018-02-03,1836.0327551677613,-770.3205574339146,4341.624796278764
2018-02-04,1973.4855214234851,-717.0751967856976,4736.6740282776755
2018-02-05,2129.1404028298984,-624.5266936924711,4668.134482078584
2018-02-06,1486.6788958047766,-1061.500988665076,4182.606954065348
2018-02-07,554.2016417064401,-1947.1813408985238,3579.9526407487315
2018-02-08,1682.8719046041851,-1208.76524608672,4612.976543940116
2018-02-09,1876.5136840159562,-1025.0037379823677,4782.3930553488435
2018-02-10,1407.695311283602,-1444.0577369640312,4311.378008191778
2018-02-11,1520.4636218517535,-1209.5346983975564,4414.142703032405
2018-02-12,1661.9618790859042,-1263.2638353320986,4436.583118730613
2018-02-13,1016.506019174343,-1764.9840168648407,3861.024373050378
2018-02-14,92.5755048103938,-2651.0235881850604,2638.9436625982016
2018-02-15,1241.4466937223194,-1450.5530339646707,4141.984976310343
2018-02-16,1466.7870968744319,-1092.2691433548432,4106.551073150643
2018-02-17,1040.7414768628614,-1837.7586947269342,3682.370876431211
2018-02-18,1206.6748251290583,-1634.4400228221657,3961.1064134065637
2018-02-19,1410.8051856739535,-1454.0239390878137,4101.437815569033
2018-02-20,836.3005376859032,-1929.9417579574597,3527.1949183660986
2018-02-21,-9.704472611417259,-2526.9066666538465,2764.183507138749
2018-02-22,1222.555329904098,-1490.7974108267083,3675.1582285544337
2018-02-23,1535.104278484126,-1249.5909454885227,4391.931181425787
2018-02-24,1198.349380520449,-1478.738071432694,4043.7019743212472
2018-02-25,1453.8628549789062,-1165.5319915280234,4064.0536230504767
2018-02-26,1746.055704790647,-1311.67981095693,4504.59307840406
2018-02-27,1256.315556236481,-1423.9829910461722,4040.598560583189
2018-02-28,490.0635735057408,-2330.7383192323105,3368.142877494481
2018-03-01,1795.4567697928087,-852.0069411319346,4622.782743148706
2018-03-02,2173.052439598558,-567.7595330253133,4803.391176655692
2018-03-03,1891.96398803304,-643.56559978029,4663.279234362234
2018-03-04,2192.671538269557,-754.2939649056018,5043.513763179287
2018-03-05,2518.718685470819,-163.09223995921414,5086.821113003232
2018-03-06,2050.8681080065435,-775.8096720421128,4696.3166335800415
2018-03-07,1294.1704592225544,-1475.7733393760145,3920.9133854227575
2018-03-08,2596.6726213029883,-140.14440363640125,5166.267624257292
2018-03-09,2959.0819563058744,109.66330609173603,5609.309317323695
2018-03-10,2650.9158918971198,-84.93313520152188,5432.981391373004
2018-03-11,2913.3004335885907,134.69002419668712,5645.447856332284
2018-03-12,3190.649324661008,457.249070071664,5980.804159792192
2018-03-13,2664.7970498736436,-183.1757437252398,5401.354772911999
2018-03-14,1842.0407105030265,-924.5030691376456,4671.558705594158
2018-03-15,3071.817559279875,263.1414133774311,6048.955649148875
2018-03-16,3356.335621254857,586.0836645121168,5993.80956101657
2018-03-17,2966.68759239607,292.8148368748523,5607.084383611613
2018-03-18,3145.6125028110114,551.2798913376803,5673.276387641916
2018-03-19,3339.1377788921154,604.7934711031924,5905.821981406854
2018-03-20,2730.675808139311,55.07640540007169,5316.482742350738
2018-03-21,1828.0309134005238,-671.2835787937709,4913.760542689955
2018-03-22,2982.04435395711,179.50596563483103,5844.194069509869
2018-03-23,3196.19553738468,465.0123400368853,6035.360524660043
2018-03-24,2742.6903025446663,-24.879501438283622,5408.256874260989
2018-03-25,2865.201323786494,237.6704664427115,5953.9310352779485
2018-03-26,3010.4937156116694,352.8423685280929,5634.413225818728
2018-03-27,2362.5102581661645,-525.9674861909335,4924.405550427598
2018-03-28,1429.372332486645,-1244.4170212138936,4070.470399533975
2018-03-29,2562.024227607052,-111.8543236704056,5222.71284101424
2018-03-30,2763.8389116722674,150.09508404936278,5288.107724151453
